image name,filepath,label,subtype,group_id
0278.jpg,/Non_CSAM/images/0278.jpg,NON_CSAM,Non sensitive,0278.jpg
2705.jpg,/Non_CSAM/images/2705.jpg,NON_CSAM,Non sensitive,2705.jpg
1805.jpg,/Non_CSAM/images/1805.jpg,NON_CSAM,Non sensitive,1805.jpg
2964.png,/Non_CSAM/images/2964.png,NON_CSAM,Non sensitive,2964.png
1800.jpg,/Non_CSAM/images/1800.jpg,NON_CSAM,Non sensitive,1800.jpg
2864.png,/Non_CSAM/images/2864.png,NON_CSAM,Non sensitive,2864.png
0267.jpg,/Non_CSAM/images/0267.jpg,NON_CSAM,Non sensitive,0267.jpg
1494.jpg,/Non_CSAM/images/1494.jpg,NON_CSAM,Non sensitive,1494.jpg
1620.jpg,/Non_CSAM/images/1620.jpg,NON_CSAM,Non sensitive,1620.jpg
2981.png,/Non_CSAM/images/2981.png,NON_CSAM,Non sensitive,2981.png
2674.jpg,/Non_CSAM/images/2674.jpg,NON_CSAM,Non sensitive,2674.jpg
3092.jpg,/Non_CSAM/images/3092.jpg,NON_CSAM,Non sensitive,3092.jpg
0025.jpeg,/Non_CSAM/images/0025.jpeg,NON_CSAM,Non sensitive,0025.jpeg
3019.png,/Non_CSAM/images/3019.png,NON_CSAM,Non sensitive,3019.png
0431.jpg,/Non_CSAM/images/0431.jpg,NON_CSAM,Non sensitive,0431.jpg
0140.jpg,/Non_CSAM/images/0140.jpg,NON_CSAM,Non sensitive,0140.jpg
2735.jpg,/Non_CSAM/images/2735.jpg,NON_CSAM,Non sensitive,2735.jpg
0197.jpg,/Non_CSAM/images/0197.jpg,NON_CSAM,Non sensitive,0197.jpg
1703.jpg,/Non_CSAM/images/1703.jpg,NON_CSAM,Non sensitive,1703.jpg
1535.jpg,/Non_CSAM/images/1535.jpg,NON_CSAM,Non sensitive,1535.jpg
3015.png,/Non_CSAM/images/3015.png,NON_CSAM,Non sensitive,3015.png
1619.jpg,/Non_CSAM/images/1619.jpg,NON_CSAM,Non sensitive,1619.jpg
0377.jpg,/Non_CSAM/images/0377.jpg,NON_CSAM,Non sensitive,0377.jpg
0549.jpg,/Non_CSAM/images/0549.jpg,NON_CSAM,Non sensitive,0549.jpg
1406.jpg,/Non_CSAM/images/1406.jpg,NON_CSAM,Non sensitive,1406.jpg
1733.jpg,/Non_CSAM/images/1733.jpg,NON_CSAM,Non sensitive,1733.jpg
0221.jpg,/Non_CSAM/videos/video006/0221.jpg,NON_CSAM,Non sensitive,video006
0222.jpg,/Non_CSAM/videos/video006/0222.jpg,NON_CSAM,Non sensitive,video006
2831.png,/Non_CSAM/images/2831.png,NON_CSAM,Non sensitive,2831.png
0590.jpg,/Non_CSAM/images/0590.jpg,NON_CSAM,Non sensitive,0590.jpg
1614.jpg,/Non_CSAM/images/1614.jpg,NON_CSAM,Non sensitive,1614.jpg
3057.jpg,/Non_CSAM/images/3057.jpg,NON_CSAM,Non sensitive,3057.jpg
1392.jpg,/Non_CSAM/videos/video008/1392.jpg,NON_CSAM,Non sensitive,video008
1393.jpg,/Non_CSAM/videos/video008/1393.jpg,NON_CSAM,Non sensitive,video008
1394.jpg,/Non_CSAM/videos/video008/1394.jpg,NON_CSAM,Non sensitive,video008
0494.jpg,/Non_CSAM/images/0494.jpg,NON_CSAM,Non sensitive,0494.jpg
1376.jpg,/Non_CSAM/images/1376.jpg,NON_CSAM,Non sensitive,1376.jpg
1530.jpg,/Non_CSAM/images/1530.jpg,NON_CSAM,Non sensitive,1530.jpg
0768.webp,/Non_CSAM/images/0768.webp,NON_CSAM,Non sensitive,0768.webp
0266.jpg,/Non_CSAM/images/0266.jpg,NON_CSAM,Non sensitive,0266.jpg
1628.jpg,/Non_CSAM/images/1628.jpg,NON_CSAM,Non sensitive,1628.jpg
0701.jpg,/Non_CSAM/images/0701.jpg,NON_CSAM,Non sensitive,0701.jpg
3119.jpg,/Non_CSAM/images/3119.jpg,NON_CSAM,Non sensitive,3119.jpg
1388.jpg,/Non_CSAM/images/1388.jpg,NON_CSAM,Non sensitive,1388.jpg
0146.jpg,/Non_CSAM/images/0146.jpg,NON_CSAM,Non sensitive,0146.jpg
0534.jpg,/Non_CSAM/images/0534.jpg,NON_CSAM,Non sensitive,0534.jpg
2999.png,/Non_CSAM/images/2999.png,NON_CSAM,Non sensitive,2999.png
1398.jpg,/Non_CSAM/images/1398.jpg,NON_CSAM,Non sensitive,1398.jpg
2860.png,/Non_CSAM/images/2860.png,NON_CSAM,Non sensitive,2860.png
2639.jpg,/Non_CSAM/images/2639.jpg,NON_CSAM,Non sensitive,2639.jpg
1668.jpg,/Non_CSAM/images/1668.jpg,NON_CSAM,Non sensitive,1668.jpg
0711.webp,/Non_CSAM/images/0711.webp,NON_CSAM,Non sensitive,0711.webp
2846.png,/Non_CSAM/images/2846.png,NON_CSAM,Non sensitive,2846.png
2721.jpg,/Non_CSAM/images/2721.jpg,NON_CSAM,Non sensitive,2721.jpg
1324.jpg,/Non_CSAM/images/1324.jpg,NON_CSAM,Non sensitive,1324.jpg
1346.jpg,/Non_CSAM/images/1346.jpg,NON_CSAM,Non sensitive,1346.jpg
2873.png,/Non_CSAM/images/2873.png,NON_CSAM,Non sensitive,2873.png
2695.jpg,/Non_CSAM/images/2695.jpg,NON_CSAM,Non sensitive,2695.jpg
0280.jpg,/Non_CSAM/images/0280.jpg,NON_CSAM,Non sensitive,0280.jpg
2851.png,/Non_CSAM/images/2851.png,NON_CSAM,Non sensitive,2851.png
2657.jpg,/Non_CSAM/images/2657.jpg,NON_CSAM,Non sensitive,2657.jpg
2603.jpg,/Non_CSAM/images/2603.jpg,NON_CSAM,Non sensitive,2603.jpg
0228.jpg,/Non_CSAM/images/0228.jpg,NON_CSAM,Non sensitive,0228.jpg
0594.jpg,/Non_CSAM/images/0594.jpg,NON_CSAM,Non sensitive,0594.jpg
1722.jpg,/Non_CSAM/images/1722.jpg,NON_CSAM,Non sensitive,1722.jpg
1565.jpg,/Non_CSAM/images/1565.jpg,NON_CSAM,Non sensitive,1565.jpg
1725.jpg,/Non_CSAM/images/1725.jpg,NON_CSAM,Non sensitive,1725.jpg
0090.jpg,/Non_CSAM/images/0090.jpg,NON_CSAM,Non sensitive,0090.jpg
0133.jpg,/Non_CSAM/images/0133.jpg,NON_CSAM,Non sensitive,0133.jpg
1624.jpg,/Non_CSAM/images/1624.jpg,NON_CSAM,Non sensitive,1624.jpg
0784.webp,/Non_CSAM/images/0784.webp,NON_CSAM,Non sensitive,0784.webp
2808.jpg,/Non_CSAM/images/2808.jpg,NON_CSAM,Non sensitive,2808.jpg
2977.png,/Non_CSAM/images/2977.png,NON_CSAM,Non sensitive,2977.png
2978.png,/Non_CSAM/images/2978.png,NON_CSAM,Non sensitive,2978.png
2703.jpg,/Non_CSAM/images/2703.jpg,NON_CSAM,Non sensitive,2703.jpg
0098.jpg,/Non_CSAM/images/0098.jpg,NON_CSAM,Non sensitive,0098.jpg
2828.png,/Non_CSAM/images/2828.png,NON_CSAM,Non sensitive,2828.png
2620.jpg,/Non_CSAM/images/2620.jpg,NON_CSAM,Non sensitive,2620.jpg
2915.png,/Non_CSAM/images/2915.png,NON_CSAM,Non sensitive,2915.png
1458.jpg,/Non_CSAM/images/1458.jpg,NON_CSAM,Non sensitive,1458.jpg
2778.jpg,/Non_CSAM/images/2778.jpg,NON_CSAM,Non sensitive,2778.jpg
1603.jpg,/Non_CSAM/images/1603.jpg,NON_CSAM,Non sensitive,1603.jpg
2899.png,/Non_CSAM/images/2899.png,NON_CSAM,Non sensitive,2899.png
3068.jpg,/Non_CSAM/images/3068.jpg,NON_CSAM,Non sensitive,3068.jpg
1548.jpg,/Non_CSAM/images/1548.jpg,NON_CSAM,Non sensitive,1548.jpg
3003.png,/Non_CSAM/images/3003.png,NON_CSAM,Non sensitive,3003.png
0113.jpg,/Non_CSAM/images/0113.jpg,NON_CSAM,Non sensitive,0113.jpg
0655.jpg,/Non_CSAM/images/0655.jpg,NON_CSAM,Non sensitive,0655.jpg
0486.jpg,/Non_CSAM/images/0486.jpg,NON_CSAM,Non sensitive,0486.jpg
1743.jpg,/Non_CSAM/images/1743.jpg,NON_CSAM,Non sensitive,1743.jpg
1577.jpg,/Non_CSAM/images/1577.jpg,NON_CSAM,Non sensitive,1577.jpg
1554.jpg,/Non_CSAM/images/1554.jpg,NON_CSAM,Non sensitive,1554.jpg
2886.png,/Non_CSAM/images/2886.png,NON_CSAM,Non sensitive,2886.png
0048.webp,/Non_CSAM/images/0048.webp,NON_CSAM,Non sensitive,0048.webp
0460.jpg,/Non_CSAM/images/0460.jpg,NON_CSAM,Non sensitive,0460.jpg
0765.webp,/Non_CSAM/images/0765.webp,NON_CSAM,Non sensitive,0765.webp
2757.jpg,/Non_CSAM/images/2757.jpg,NON_CSAM,Non sensitive,2757.jpg
0435.jpg,/Non_CSAM/images/0435.jpg,NON_CSAM,Non sensitive,0435.jpg
0157.jpg,/Non_CSAM/images/0157.jpg,NON_CSAM,Non sensitive,0157.jpg
2994.png,/Non_CSAM/images/2994.png,NON_CSAM,Non sensitive,2994.png
1340.jpg,/Non_CSAM/images/1340.jpg,NON_CSAM,Non sensitive,1340.jpg
0406.jpg,/Non_CSAM/images/0406.jpg,NON_CSAM,Non sensitive,0406.jpg
2984.png,/Non_CSAM/images/2984.png,NON_CSAM,Non sensitive,2984.png
3096.jpg,/Non_CSAM/images/3096.jpg,NON_CSAM,Non sensitive,3096.jpg
0567.jpg,/Non_CSAM/images/0567.jpg,NON_CSAM,Non sensitive,0567.jpg
0609.jpg,/Non_CSAM/images/0609.jpg,NON_CSAM,Non sensitive,0609.jpg
0440.jpg,/Non_CSAM/images/0440.jpg,NON_CSAM,Non sensitive,0440.jpg
0753.webp,/Non_CSAM/images/0753.webp,NON_CSAM,Non sensitive,0753.webp
0167.jpg,/Non_CSAM/images/0167.jpg,NON_CSAM,Non sensitive,0167.jpg
2725.jpg,/Non_CSAM/images/2725.jpg,NON_CSAM,Non sensitive,2725.jpg
2686.jpg,/Non_CSAM/images/2686.jpg,NON_CSAM,Non sensitive,2686.jpg
2927.png,/Non_CSAM/images/2927.png,NON_CSAM,Non sensitive,2927.png
0347.jpg,/Non_CSAM/images/0347.jpg,NON_CSAM,Non sensitive,0347.jpg
1681.jpg,/Non_CSAM/images/1681.jpg,NON_CSAM,Non sensitive,1681.jpg
0615.jpg,/Non_CSAM/images/0615.jpg,NON_CSAM,Non sensitive,0615.jpg
1438.jpg,/Non_CSAM/images/1438.jpg,NON_CSAM,Non sensitive,1438.jpg
2963.png,/Non_CSAM/images/2963.png,NON_CSAM,Non sensitive,2963.png
0022.jpeg,/Non_CSAM/images/0022.jpeg,NON_CSAM,Non sensitive,0022.jpeg
1634.jpg,/Non_CSAM/images/1634.jpg,NON_CSAM,Non sensitive,1634.jpg
0428.jpg,/Non_CSAM/images/0428.jpg,NON_CSAM,Non sensitive,0428.jpg
1723.jpg,/Non_CSAM/images/1723.jpg,NON_CSAM,Non sensitive,1723.jpg
1692.jpg,/Non_CSAM/images/1692.jpg,NON_CSAM,Non sensitive,1692.jpg
0330.jpg,/Non_CSAM/images/0330.jpg,NON_CSAM,Non sensitive,0330.jpg
1444.jpg,/Non_CSAM/images/1444.jpg,NON_CSAM,Non sensitive,1444.jpg
0244.jpg,/Non_CSAM/images/0244.jpg,NON_CSAM,Non sensitive,0244.jpg
1524.jpg,/Non_CSAM/images/1524.jpg,NON_CSAM,Non sensitive,1524.jpg
1573.jpg,/Non_CSAM/images/1573.jpg,NON_CSAM,Non sensitive,1573.jpg
1520.jpg,/Non_CSAM/images/1520.jpg,NON_CSAM,Non sensitive,1520.jpg
0721.jpg,/Non_CSAM/images/0721.jpg,NON_CSAM,Non sensitive,0721.jpg
0598.jpg,/Non_CSAM/images/0598.jpg,NON_CSAM,Non sensitive,0598.jpg
0455.jpg,/Non_CSAM/images/0455.jpg,NON_CSAM,Non sensitive,0455.jpg
0320.jpg,/Non_CSAM/images/0320.jpg,NON_CSAM,Non sensitive,0320.jpg
1333.jpg,/Non_CSAM/images/1333.jpg,NON_CSAM,Non sensitive,1333.jpg
1816.jpg,/Non_CSAM/images/1816.jpg,NON_CSAM,Non sensitive,1816.jpg
0626.jpg,/Non_CSAM/images/0626.jpg,NON_CSAM,Non sensitive,0626.jpg
0442.jpg,/Non_CSAM/images/0442.jpg,NON_CSAM,Non sensitive,0442.jpg
1369.jpg,/Non_CSAM/images/1369.jpg,NON_CSAM,Non sensitive,1369.jpg
3008.png,/Non_CSAM/images/3008.png,NON_CSAM,Non sensitive,3008.png
2918.png,/Non_CSAM/images/2918.png,NON_CSAM,Non sensitive,2918.png
1701.jpg,/Non_CSAM/images/1701.jpg,NON_CSAM,Non sensitive,1701.jpg
2624.jpg,/Non_CSAM/images/2624.jpg,NON_CSAM,Non sensitive,2624.jpg
2904.png,/Non_CSAM/images/2904.png,NON_CSAM,Non sensitive,2904.png
0305.jpg,/Non_CSAM/images/0305.jpg,NON_CSAM,Non sensitive,0305.jpg
1608.jpg,/Non_CSAM/images/1608.jpg,NON_CSAM,Non sensitive,1608.jpg
1773.jpg,/Non_CSAM/images/1773.jpg,NON_CSAM,Non sensitive,1773.jpg
0126.jpg,/Non_CSAM/images/0126.jpg,NON_CSAM,Non sensitive,0126.jpg
0127.jpg,/Non_CSAM/images/0127.jpg,NON_CSAM,Non sensitive,0127.jpg
1811.jpg,/Non_CSAM/images/1811.jpg,NON_CSAM,Non sensitive,1811.jpg
2687.jpg,/Non_CSAM/videos/video012/2687.jpg,NON_CSAM,Non sensitive,video012
2688.jpg,/Non_CSAM/videos/video012/2688.jpg,NON_CSAM,Non sensitive,video012
3044.png,/Non_CSAM/images/3044.png,NON_CSAM,Non sensitive,3044.png
1664.jpg,/Non_CSAM/images/1664.jpg,NON_CSAM,Non sensitive,1664.jpg
0676.jpg,/Non_CSAM/images/0676.jpg,NON_CSAM,Non sensitive,0676.jpg
0565.jpg,/Non_CSAM/images/0565.jpg,NON_CSAM,Non sensitive,0565.jpg
1549.jpg,/Non_CSAM/images/1549.jpg,NON_CSAM,Non sensitive,1549.jpg
2745.jpg,/Non_CSAM/images/2745.jpg,NON_CSAM,Non sensitive,2745.jpg
0714.webp,/Non_CSAM/images/0714.webp,NON_CSAM,Non sensitive,0714.webp
2812.jpg,/Non_CSAM/images/2812.jpg,NON_CSAM,Non sensitive,2812.jpg
2889.png,/Non_CSAM/images/2889.png,NON_CSAM,Non sensitive,2889.png
0653.jpg,/Non_CSAM/images/0653.jpg,NON_CSAM,Non sensitive,0653.jpg
0772.webp,/Non_CSAM/images/0772.webp,NON_CSAM,Non sensitive,0772.webp
0272.jpg,/Non_CSAM/images/0272.jpg,NON_CSAM,Non sensitive,0272.jpg
0064.webp,/Non_CSAM/images/0064.webp,NON_CSAM,Non sensitive,0064.webp
1407.jpg,/Non_CSAM/images/1407.jpg,NON_CSAM,Non sensitive,1407.jpg
3053.png,/Non_CSAM/images/3053.png,NON_CSAM,Non sensitive,3053.png
0388.jpg,/Non_CSAM/images/0388.jpg,NON_CSAM,Non sensitive,0388.jpg
2650.jpg,/Non_CSAM/images/2650.jpg,NON_CSAM,Non sensitive,2650.jpg
2842.png,/Non_CSAM/images/2842.png,NON_CSAM,Non sensitive,2842.png
1503.jpg,/Non_CSAM/images/1503.jpg,NON_CSAM,Non sensitive,1503.jpg
2575.jpg,/Non_CSAM/images/2575.jpg,NON_CSAM,Non sensitive,2575.jpg
0013.webp,/Non_CSAM/images/0013.webp,NON_CSAM,Non sensitive,0013.webp
1459.jpg,/Non_CSAM/images/1459.jpg,NON_CSAM,Non sensitive,1459.jpg
0515.jpg,/Non_CSAM/images/0515.jpg,NON_CSAM,Non sensitive,0515.jpg
0414.jpg,/Non_CSAM/images/0414.jpg,NON_CSAM,Non sensitive,0414.jpg
0317.jpg,/Non_CSAM/images/0317.jpg,NON_CSAM,Non sensitive,0317.jpg
0702.jpg,/Non_CSAM/images/0702.jpg,NON_CSAM,Non sensitive,0702.jpg
0363.jpg,/Non_CSAM/images/0363.jpg,NON_CSAM,Non sensitive,0363.jpg
0675.jpg,/Non_CSAM/images/0675.jpg,NON_CSAM,Non sensitive,0675.jpg
2641.jpg,/Non_CSAM/images/2641.jpg,NON_CSAM,Non sensitive,2641.jpg
1370.jpg,/Non_CSAM/images/1370.jpg,NON_CSAM,Non sensitive,1370.jpg
1405.jpg,/Non_CSAM/images/1405.jpg,NON_CSAM,Non sensitive,1405.jpg
0227.jpg,/Non_CSAM/videos/video005/0227.jpg,NON_CSAM,Non sensitive,video005
0234.jpg,/Non_CSAM/videos/video005/0234.jpg,NON_CSAM,Non sensitive,video005
3100.jpg,/Non_CSAM/images/3100.jpg,NON_CSAM,Non sensitive,3100.jpg
0004.webp,/Non_CSAM/images/0004.webp,NON_CSAM,Non sensitive,0004.webp
2736.jpg,/Non_CSAM/images/2736.jpg,NON_CSAM,Non sensitive,2736.jpg
1982.jpg,/CSAM_non_sens/images/1982.jpg,CSAM,Non sensitive,1982.jpg
3180.jpg,/CSAM_non_sens/images/3180.jpg,CSAM,Non sensitive,3180.jpg
0804.jpg,/CSAM_non_sens/images/0804.jpg,CSAM,Non sensitive,0804.jpg
2017.jpg,/CSAM_non_sens/images/2017.jpg,CSAM,Non sensitive,2017.jpg
1891.jpg,/CSAM_non_sens/images/1891.jpg,CSAM,Non sensitive,1891.jpg
0831.webp,/CSAM_non_sens/images/0831.webp,CSAM,Non sensitive,0831.webp
0797.webp,/CSAM_non_sens/images/0797.webp,CSAM,Non sensitive,0797.webp
1845.jpg,/CSAM_non_sens/images/1845.jpg,CSAM,Non sensitive,1845.jpg
2042.jpg,/CSAM_non_sens/images/2042.jpg,CSAM,Non sensitive,2042.jpg
1821.jpg,/CSAM_non_sens/images/1821.jpg,CSAM,Non sensitive,1821.jpg
0868.webp,/CSAM_non_sens/images/0868.webp,CSAM,Non sensitive,0868.webp
0807.webp,/CSAM_non_sens/images/0807.webp,CSAM,Non sensitive,0807.webp
0867.webp,/CSAM_non_sens/images/0867.webp,CSAM,Non sensitive,0867.webp
3154.jpg,/CSAM_non_sens/videos/video005/3154.jpg,CSAM,Non sensitive,video005
3165.jpg,/CSAM_non_sens/videos/video005/3165.jpg,CSAM,Non sensitive,video005
3176.jpg,/CSAM_non_sens/videos/video005/3176.jpg,CSAM,Non sensitive,video005
3219.jpg,/CSAM_non_sens/videos/video005/3219.jpg,CSAM,Non sensitive,video005
3482.jpg,/CSAM_non_sens/videos/video005/3482.jpg,CSAM,Non sensitive,video005
3483.jpg,/CSAM_non_sens/videos/video005/3483.jpg,CSAM,Non sensitive,video005
3486.jpg,/CSAM_non_sens/videos/video005/3486.jpg,CSAM,Non sensitive,video005
3488.jpg,/CSAM_non_sens/videos/video005/3488.jpg,CSAM,Non sensitive,video005
3493.jpg,/CSAM_non_sens/videos/video005/3493.jpg,CSAM,Non sensitive,video005
3497.jpg,/CSAM_non_sens/videos/video005/3497.jpg,CSAM,Non sensitive,video005
1942.jpg,/CSAM_non_sens/images/1942.jpg,CSAM,Non sensitive,1942.jpg
3148.jpg,/CSAM_non_sens/images/3148.jpg,CSAM,Non sensitive,3148.jpg
1889.jpg,/CSAM_non_sens/images/1889.jpg,CSAM,Non sensitive,1889.jpg
0894.jpg,/CSAM_non_sens/images/0894.jpg,CSAM,Non sensitive,0894.jpg
2040.jpg,/CSAM_non_sens/images/2040.jpg,CSAM,Non sensitive,2040.jpg
0888.jpg,/CSAM_non_sens/images/0888.jpg,CSAM,Non sensitive,0888.jpg
2001.jpg,/CSAM_non_sens/images/2001.jpg,CSAM,Non sensitive,2001.jpg
1946.jpg,/CSAM_non_sens/images/1946.jpg,CSAM,Non sensitive,1946.jpg
3499.png,/CSAM_non_sens/videos/video006/3499.png,CSAM,Non sensitive,video006
3502.png,/CSAM_non_sens/videos/video006/3502.png,CSAM,Non sensitive,video006
3220.jpg,/CSAM_non_sens/images/3220.jpg,CSAM,Non sensitive,3220.jpg
2039.jpg,/CSAM_non_sens/images/2039.jpg,CSAM,Non sensitive,2039.jpg
1936.jpg,/CSAM_non_sens/images/1936.jpg,CSAM,Non sensitive,1936.jpg
3292.jpg,/CSAM_non_sens/videos/video018/3292.jpg,CSAM,Non sensitive,video018
3293.jpg,/CSAM_non_sens/videos/video018/3293.jpg,CSAM,Non sensitive,video018
3294.jpg,/CSAM_non_sens/videos/video018/3294.jpg,CSAM,Non sensitive,video018
3295.jpg,/CSAM_non_sens/videos/video018/3295.jpg,CSAM,Non sensitive,video018
3296.jpg,/CSAM_non_sens/videos/video018/3296.jpg,CSAM,Non sensitive,video018
3297.jpg,/CSAM_non_sens/videos/video018/3297.jpg,CSAM,Non sensitive,video018
3298.jpg,/CSAM_non_sens/videos/video018/3298.jpg,CSAM,Non sensitive,video018
3301.jpg,/CSAM_non_sens/videos/video018/3301.jpg,CSAM,Non sensitive,video018
3302.jpg,/CSAM_non_sens/videos/video018/3302.jpg,CSAM,Non sensitive,video018
3303.jpg,/CSAM_non_sens/videos/video018/3303.jpg,CSAM,Non sensitive,video018
3304.jpg,/CSAM_non_sens/videos/video018/3304.jpg,CSAM,Non sensitive,video018
3305.jpg,/CSAM_non_sens/videos/video018/3305.jpg,CSAM,Non sensitive,video018
3306.jpg,/CSAM_non_sens/videos/video018/3306.jpg,CSAM,Non sensitive,video018
3307.jpg,/CSAM_non_sens/videos/video018/3307.jpg,CSAM,Non sensitive,video018
3308.jpg,/CSAM_non_sens/videos/video018/3308.jpg,CSAM,Non sensitive,video018
3309.jpg,/CSAM_non_sens/videos/video018/3309.jpg,CSAM,Non sensitive,video018
3310.jpg,/CSAM_non_sens/videos/video018/3310.jpg,CSAM,Non sensitive,video018
3313.jpg,/CSAM_non_sens/videos/video018/3313.jpg,CSAM,Non sensitive,video018
3314.jpg,/CSAM_non_sens/videos/video018/3314.jpg,CSAM,Non sensitive,video018
3315.jpg,/CSAM_non_sens/videos/video018/3315.jpg,CSAM,Non sensitive,video018
3316.jpg,/CSAM_non_sens/videos/video018/3316.jpg,CSAM,Non sensitive,video018
3317.jpg,/CSAM_non_sens/videos/video018/3317.jpg,CSAM,Non sensitive,video018
1863.jpg,/CSAM_non_sens/images/1863.jpg,CSAM,Non sensitive,1863.jpg
3227.jpg,/CSAM_non_sens/videos/video021/3227.jpg,CSAM,Non sensitive,video021
3238.jpg,/CSAM_non_sens/videos/video021/3238.jpg,CSAM,Non sensitive,video021
3240.jpg,/CSAM_non_sens/videos/video021/3240.jpg,CSAM,Non sensitive,video021
3241.jpg,/CSAM_non_sens/videos/video021/3241.jpg,CSAM,Non sensitive,video021
3242.jpg,/CSAM_non_sens/videos/video021/3242.jpg,CSAM,Non sensitive,video021
3243.jpg,/CSAM_non_sens/videos/video021/3243.jpg,CSAM,Non sensitive,video021
3244.jpg,/CSAM_non_sens/videos/video021/3244.jpg,CSAM,Non sensitive,video021
3245.jpg,/CSAM_non_sens/videos/video021/3245.jpg,CSAM,Non sensitive,video021
0869.jpg,/CSAM_non_sens/images/0869.jpg,CSAM,Non sensitive,0869.jpg
0866.webp,/CSAM_non_sens/images/0866.webp,CSAM,Non sensitive,0866.webp
3124.jpg,/CSAM_non_sens/images/3124.jpg,CSAM,Non sensitive,3124.jpg
1995.jpg,/CSAM_non_sens/images/1995.jpg,CSAM,Non sensitive,1995.jpg
1861.jpg,/CSAM_non_sens/images/1861.jpg,CSAM,Non sensitive,1861.jpg
2032.jpg,/CSAM_non_sens/images/2032.jpg,CSAM,Non sensitive,2032.jpg
1819.jpg,/CSAM_non_sens/images/1819.jpg,CSAM,Non sensitive,1819.jpg
1844.jpg,/CSAM_non_sens/images/1844.jpg,CSAM,Non sensitive,1844.jpg
1955.jpg,/CSAM_non_sens/images/1955.jpg,CSAM,Non sensitive,1955.jpg
0838.jpg,/CSAM_non_sens/images/0838.jpg,CSAM,Non sensitive,0838.jpg
1880.jpg,/CSAM_non_sens/images/1880.jpg,CSAM,Non sensitive,1880.jpg
1896.jpg,/CSAM_non_sens/images/1896.jpg,CSAM,Non sensitive,1896.jpg
3533.avif,/CSAM_non_sens/images/3533.avif,CSAM,Non sensitive,3533.avif
1951.jpg,/CSAM_non_sens/images/1951.jpg,CSAM,Non sensitive,1951.jpg
0883.jpg,/CSAM_non_sens/videos/video026/0883.jpg,CSAM,Non sensitive,video026
0904.jpg,/CSAM_non_sens/videos/video026/0904.jpg,CSAM,Non sensitive,video026
3514.png,/CSAM_non_sens/videos/video020/3514.png,CSAM,Non sensitive,video020
3186.jpg,/CSAM_non_sens/images/3186.jpg,CSAM,Non sensitive,3186.jpg
0877.jpg,/CSAM_non_sens/images/0877.jpg,CSAM,Non sensitive,0877.jpg
2077.jpg,/CSAM_non_sens/images/2077.jpg,CSAM,Non sensitive,2077.jpg
1905.jpg,/CSAM_non_sens/images/1905.jpg,CSAM,Non sensitive,1905.jpg
1911.jpg,/CSAM_non_sens/images/1911.jpg,CSAM,Non sensitive,1911.jpg
1930.jpg,/CSAM_non_sens/images/1930.jpg,CSAM,Non sensitive,1930.jpg
0810.webp,/CSAM_non_sens/images/0810.webp,CSAM,Non sensitive,0810.webp
3952.png,/CSAM_sens/videos/video005/3952.png,CSAM,Sensitive,video005
3953.png,/CSAM_sens/videos/video005/3953.png,CSAM,Sensitive,video005
3954.png,/CSAM_sens/videos/video005/3954.png,CSAM,Sensitive,video005
3955.png,/CSAM_sens/videos/video005/3955.png,CSAM,Sensitive,video005
3956.png,/CSAM_sens/videos/video005/3956.png,CSAM,Sensitive,video005
3957.png,/CSAM_sens/videos/video005/3957.png,CSAM,Sensitive,video005
3958.png,/CSAM_sens/videos/video005/3958.png,CSAM,Sensitive,video005
3959.png,/CSAM_sens/videos/video005/3959.png,CSAM,Sensitive,video005
3960.png,/CSAM_sens/videos/video005/3960.png,CSAM,Sensitive,video005
3961.png,/CSAM_sens/videos/video005/3961.png,CSAM,Sensitive,video005
3962.png,/CSAM_sens/videos/video005/3962.png,CSAM,Sensitive,video005
3963.png,/CSAM_sens/videos/video005/3963.png,CSAM,Sensitive,video005
3964.png,/CSAM_sens/videos/video005/3964.png,CSAM,Sensitive,video005
3965.png,/CSAM_sens/videos/video005/3965.png,CSAM,Sensitive,video005
3966.png,/CSAM_sens/videos/video005/3966.png,CSAM,Sensitive,video005
3967.png,/CSAM_sens/videos/video005/3967.png,CSAM,Sensitive,video005
3968.png,/CSAM_sens/videos/video005/3968.png,CSAM,Sensitive,video005
0986.jpg,/CSAM_sens/images/0986.jpg,CSAM,Sensitive,0986.jpg
1241.jpg,/CSAM_sens/images/1241.jpg,CSAM,Sensitive,1241.jpg
1216.jpg,/CSAM_sens/images/1216.jpg,CSAM,Sensitive,1216.jpg
0952.jpg,/CSAM_sens/images/0952.jpg,CSAM,Sensitive,0952.jpg
1154.jpeg,/CSAM_sens/images/1154.jpeg,CSAM,Sensitive,1154.jpeg
1004.jpg,/CSAM_sens/images/1004.jpg,CSAM,Sensitive,1004.jpg
3607.png,/CSAM_sens/videos/video052/3607.png,CSAM,Sensitive,video052
3608.png,/CSAM_sens/videos/video052/3608.png,CSAM,Sensitive,video052
3609.png,/CSAM_sens/videos/video052/3609.png,CSAM,Sensitive,video052
3946.png,/CSAM_sens/videos/video006/3946.png,CSAM,Sensitive,video006
3947.png,/CSAM_sens/videos/video006/3947.png,CSAM,Sensitive,video006
3948.png,/CSAM_sens/videos/video006/3948.png,CSAM,Sensitive,video006
3949.png,/CSAM_sens/videos/video006/3949.png,CSAM,Sensitive,video006
3950.png,/CSAM_sens/videos/video006/3950.png,CSAM,Sensitive,video006
3951.png,/CSAM_sens/videos/video006/3951.png,CSAM,Sensitive,video006
1179.png,/CSAM_sens/images/1179.png,CSAM,Sensitive,1179.png
1121.jpg,/CSAM_sens/images/1121.jpg,CSAM,Sensitive,1121.jpg
3754.png,/CSAM_sens/videos/video030/3754.png,CSAM,Sensitive,video030
3755.png,/CSAM_sens/videos/video030/3755.png,CSAM,Sensitive,video030
3756.png,/CSAM_sens/videos/video030/3756.png,CSAM,Sensitive,video030
3757.png,/CSAM_sens/videos/video030/3757.png,CSAM,Sensitive,video030
3758.png,/CSAM_sens/videos/video030/3758.png,CSAM,Sensitive,video030
3759.png,/CSAM_sens/videos/video030/3759.png,CSAM,Sensitive,video030
3760.png,/CSAM_sens/videos/video030/3760.png,CSAM,Sensitive,video030
3761.png,/CSAM_sens/videos/video030/3761.png,CSAM,Sensitive,video030
3762.png,/CSAM_sens/videos/video030/3762.png,CSAM,Sensitive,video030
3763.png,/CSAM_sens/videos/video030/3763.png,CSAM,Sensitive,video030
3764.png,/CSAM_sens/videos/video030/3764.png,CSAM,Sensitive,video030
3765.png,/CSAM_sens/videos/video030/3765.png,CSAM,Sensitive,video030
3766.png,/CSAM_sens/videos/video030/3766.png,CSAM,Sensitive,video030
3767.png,/CSAM_sens/videos/video030/3767.png,CSAM,Sensitive,video030
3768.png,/CSAM_sens/videos/video030/3768.png,CSAM,Sensitive,video030
3769.png,/CSAM_sens/videos/video030/3769.png,CSAM,Sensitive,video030
3770.png,/CSAM_sens/videos/video030/3770.png,CSAM,Sensitive,video030
0929.jpeg,/CSAM_sens/images/0929.jpeg,CSAM,Sensitive,0929.jpeg
0963.jpg,/CSAM_sens/images/0963.jpg,CSAM,Sensitive,0963.jpg
1303.jpg,/CSAM_sens/images/1303.jpg,CSAM,Sensitive,1303.jpg
1317.jpeg,/CSAM_sens/images/1317.jpeg,CSAM,Sensitive,1317.jpeg
1141.jpeg,/CSAM_sens/images/1141.jpeg,CSAM,Sensitive,1141.jpeg
3786.png,/CSAM_sens/videos/video026/3786.png,CSAM,Sensitive,video026
3787.png,/CSAM_sens/videos/video026/3787.png,CSAM,Sensitive,video026
3788.png,/CSAM_sens/videos/video026/3788.png,CSAM,Sensitive,video026
3789.png,/CSAM_sens/videos/video026/3789.png,CSAM,Sensitive,video026
3790.png,/CSAM_sens/videos/video026/3790.png,CSAM,Sensitive,video026
3791.png,/CSAM_sens/videos/video026/3791.png,CSAM,Sensitive,video026
3792.png,/CSAM_sens/videos/video026/3792.png,CSAM,Sensitive,video026
3793.png,/CSAM_sens/videos/video026/3793.png,CSAM,Sensitive,video026
3794.png,/CSAM_sens/videos/video026/3794.png,CSAM,Sensitive,video026
3795.png,/CSAM_sens/videos/video026/3795.png,CSAM,Sensitive,video026
1013.jpg,/CSAM_sens/images/1013.jpg,CSAM,Sensitive,1013.jpg
1103.jpeg,/CSAM_sens/images/1103.jpeg,CSAM,Sensitive,1103.jpeg
0910.jpg,/CSAM_sens/images/0910.jpg,CSAM,Sensitive,0910.jpg
1070.jpg,/CSAM_sens/images/1070.jpg,CSAM,Sensitive,1070.jpg
3882.png,/CSAM_sens/videos/video012/3882.png,CSAM,Sensitive,video012
3883.png,/CSAM_sens/videos/video012/3883.png,CSAM,Sensitive,video012
3884.png,/CSAM_sens/videos/video012/3884.png,CSAM,Sensitive,video012
3885.png,/CSAM_sens/videos/video012/3885.png,CSAM,Sensitive,video012
3886.png,/CSAM_sens/videos/video012/3886.png,CSAM,Sensitive,video012
3887.png,/CSAM_sens/videos/video012/3887.png,CSAM,Sensitive,video012
0938.jpeg,/CSAM_sens/images/0938.jpeg,CSAM,Sensitive,0938.jpeg
1038.jpg,/CSAM_sens/images/1038.jpg,CSAM,Sensitive,1038.jpg
1194.jpg,/CSAM_sens/images/1194.jpg,CSAM,Sensitive,1194.jpg
1278.jpg,/CSAM_sens/images/1278.jpg,CSAM,Sensitive,1278.jpg
1185.png,/CSAM_sens/images/1185.png,CSAM,Sensitive,1185.png
0944.jpg,/CSAM_sens/images/0944.jpg,CSAM,Sensitive,0944.jpg
1135.jpeg,/CSAM_sens/images/1135.jpeg,CSAM,Sensitive,1135.jpeg
1288.jpg,/CSAM_sens/images/1288.jpg,CSAM,Sensitive,1288.jpg
0997.jpg,/CSAM_sens/images/0997.jpg,CSAM,Sensitive,0997.jpg
1314.jpg,/CSAM_sens/images/1314.jpg,CSAM,Sensitive,1314.jpg
0968.jpg,/CSAM_sens/images/0968.jpg,CSAM,Sensitive,0968.jpg
3616.png,/CSAM_sens/videos/video049/3616.png,CSAM,Sensitive,video049
3617.png,/CSAM_sens/videos/video049/3617.png,CSAM,Sensitive,video049
3618.png,/CSAM_sens/videos/video049/3618.png,CSAM,Sensitive,video049
3619.png,/CSAM_sens/videos/video048/3619.png,CSAM,Sensitive,video048
3620.png,/CSAM_sens/videos/video048/3620.png,CSAM,Sensitive,video048
3621.png,/CSAM_sens/videos/video048/3621.png,CSAM,Sensitive,video048
3622.png,/CSAM_sens/videos/video048/3622.png,CSAM,Sensitive,video048
1137.jpeg,/CSAM_sens/images/1137.jpeg,CSAM,Sensitive,1137.jpeg
1108.jpeg,/CSAM_sens/images/1108.jpeg,CSAM,Sensitive,1108.jpeg
0923.jpg,/CSAM_sens/images/0923.jpg,CSAM,Sensitive,0923.jpg
3832.png,/CSAM_sens/videos/video021/3832.png,CSAM,Sensitive,video021
3833.png,/CSAM_sens/videos/video021/3833.png,CSAM,Sensitive,video021
3834.png,/CSAM_sens/videos/video021/3834.png,CSAM,Sensitive,video021
3835.png,/CSAM_sens/videos/video021/3835.png,CSAM,Sensitive,video021
3836.png,/CSAM_sens/videos/video021/3836.png,CSAM,Sensitive,video021
3837.png,/CSAM_sens/videos/video021/3837.png,CSAM,Sensitive,video021
1051.jpg,/CSAM_sens/images/1051.jpg,CSAM,Sensitive,1051.jpg
1235.jpg,/CSAM_sens/images/1235.jpg,CSAM,Sensitive,1235.jpg
1272.jpg,/CSAM_sens/images/1272.jpg,CSAM,Sensitive,1272.jpg
3558.png,/CSAM_sens/images/3558.png,CSAM,Sensitive,3558.png
1180.png,/CSAM_sens/images/1180.png,CSAM,Sensitive,1180.png
1014.jpg,/CSAM_sens/images/1014.jpg,CSAM,Sensitive,1014.jpg
3929.png,/CSAM_sens/videos/video008/3929.png,CSAM,Sensitive,video008
3930.png,/CSAM_sens/videos/video008/3930.png,CSAM,Sensitive,video008
3931.png,/CSAM_sens/videos/video008/3931.png,CSAM,Sensitive,video008
3932.png,/CSAM_sens/videos/video008/3932.png,CSAM,Sensitive,video008
3933.png,/CSAM_sens/videos/video008/3933.png,CSAM,Sensitive,video008
3934.png,/CSAM_sens/videos/video008/3934.png,CSAM,Sensitive,video008
3935.png,/CSAM_sens/videos/video008/3935.png,CSAM,Sensitive,video008
3936.png,/CSAM_sens/videos/video008/3936.png,CSAM,Sensitive,video008
3937.png,/CSAM_sens/videos/video008/3937.png,CSAM,Sensitive,video008
3938.png,/CSAM_sens/videos/video008/3938.png,CSAM,Sensitive,video008
3939.png,/CSAM_sens/videos/video008/3939.png,CSAM,Sensitive,video008
3940.png,/CSAM_sens/videos/video008/3940.png,CSAM,Sensitive,video008
3941.png,/CSAM_sens/videos/video008/3941.png,CSAM,Sensitive,video008
3942.png,/CSAM_sens/videos/video008/3942.png,CSAM,Sensitive,video008
0979.jpg,/CSAM_sens/images/0979.jpg,CSAM,Sensitive,0979.jpg
1067.jpg,/CSAM_sens/images/1067.jpg,CSAM,Sensitive,1067.jpg
3848.png,/CSAM_sens/videos/video018/3848.png,CSAM,Sensitive,video018
3849.png,/CSAM_sens/videos/video018/3849.png,CSAM,Sensitive,video018
3850.png,/CSAM_sens/videos/video018/3850.png,CSAM,Sensitive,video018
1273.jpg,/CSAM_sens/images/1273.jpg,CSAM,Sensitive,1273.jpg
2405.jpg,/CSAM_sens/videos/video073/2405.jpg,CSAM,Sensitive,video073
2406.jpg,/CSAM_sens/videos/video073/2406.jpg,CSAM,Sensitive,video073
2407.jpg,/CSAM_sens/videos/video073/2407.jpg,CSAM,Sensitive,video073
2408.jpg,/CSAM_sens/videos/video073/2408.jpg,CSAM,Sensitive,video073
2409.jpg,/CSAM_sens/videos/video073/2409.jpg,CSAM,Sensitive,video073
2410.jpg,/CSAM_sens/videos/video073/2410.jpg,CSAM,Sensitive,video073
2411.jpg,/CSAM_sens/videos/video073/2411.jpg,CSAM,Sensitive,video073
2412.jpg,/CSAM_sens/videos/video073/2412.jpg,CSAM,Sensitive,video073
2413.jpg,/CSAM_sens/videos/video073/2413.jpg,CSAM,Sensitive,video073
2414.jpg,/CSAM_sens/videos/video073/2414.jpg,CSAM,Sensitive,video073
2415.jpg,/CSAM_sens/videos/video073/2415.jpg,CSAM,Sensitive,video073
2416.jpg,/CSAM_sens/videos/video073/2416.jpg,CSAM,Sensitive,video073
2417.jpg,/CSAM_sens/videos/video073/2417.jpg,CSAM,Sensitive,video073
2418.jpg,/CSAM_sens/videos/video073/2418.jpg,CSAM,Sensitive,video073
2419.jpg,/CSAM_sens/videos/video073/2419.jpg,CSAM,Sensitive,video073
2420.jpg,/CSAM_sens/videos/video073/2420.jpg,CSAM,Sensitive,video073
2421.jpg,/CSAM_sens/videos/video073/2421.jpg,CSAM,Sensitive,video073
2422.jpg,/CSAM_sens/videos/video073/2422.jpg,CSAM,Sensitive,video073
2423.jpg,/CSAM_sens/videos/video073/2423.jpg,CSAM,Sensitive,video073
2424.jpg,/CSAM_sens/videos/video073/2424.jpg,CSAM,Sensitive,video073
1047.jpg,/CSAM_sens/images/1047.jpg,CSAM,Sensitive,1047.jpg
1234.jpg,/CSAM_sens/images/1234.jpg,CSAM,Sensitive,1234.jpg
2823.jpg,/Non_CSAM/images/2823.jpg,NON_CSAM,Non sensitive,2823.jpg
0236.jpg,/Non_CSAM/images/0236.jpg,NON_CSAM,Non sensitive,0236.jpg
2942.png,/Non_CSAM/images/2942.png,NON_CSAM,Non sensitive,2942.png
0732.jpg,/Non_CSAM/images/0732.jpg,NON_CSAM,Non sensitive,0732.jpg
1322.jpg,/Non_CSAM/images/1322.jpg,NON_CSAM,Non sensitive,1322.jpg
3098.jpg,/Non_CSAM/images/3098.jpg,NON_CSAM,Non sensitive,3098.jpg
1384.jpg,/Non_CSAM/images/1384.jpg,NON_CSAM,Non sensitive,1384.jpg
0696.jpg,/Non_CSAM/images/0696.jpg,NON_CSAM,Non sensitive,0696.jpg
1385.jpg,/Non_CSAM/images/1385.jpg,NON_CSAM,Non sensitive,1385.jpg
2569.jpg,/Non_CSAM/images/2569.jpg,NON_CSAM,Non sensitive,2569.jpg
0319.jpg,/Non_CSAM/images/0319.jpg,NON_CSAM,Non sensitive,0319.jpg
1697.jpg,/Non_CSAM/images/1697.jpg,NON_CSAM,Non sensitive,1697.jpg
0091.jpg,/Non_CSAM/images/0091.jpg,NON_CSAM,Non sensitive,0091.jpg
3102.jpg,/Non_CSAM/images/3102.jpg,NON_CSAM,Non sensitive,3102.jpg
2967.png,/Non_CSAM/images/2967.png,NON_CSAM,Non sensitive,2967.png
1801.jpg,/Non_CSAM/images/1801.jpg,NON_CSAM,Non sensitive,1801.jpg
2884.png,/Non_CSAM/images/2884.png,NON_CSAM,Non sensitive,2884.png
2950.png,/Non_CSAM/images/2950.png,NON_CSAM,Non sensitive,2950.png
0599.jpg,/Non_CSAM/images/0599.jpg,NON_CSAM,Non sensitive,0599.jpg
2570.jpg,/Non_CSAM/images/2570.jpg,NON_CSAM,Non sensitive,2570.jpg
0630.jpg,/Non_CSAM/images/0630.jpg,NON_CSAM,Non sensitive,0630.jpg
0663.jpg,/Non_CSAM/images/0663.jpg,NON_CSAM,Non sensitive,0663.jpg
1734.jpg,/Non_CSAM/images/1734.jpg,NON_CSAM,Non sensitive,1734.jpg
1365.jpg,/Non_CSAM/images/1365.jpg,NON_CSAM,Non sensitive,1365.jpg
0106.jpg,/Non_CSAM/images/0106.jpg,NON_CSAM,Non sensitive,0106.jpg
0658.jpg,/Non_CSAM/images/0658.jpg,NON_CSAM,Non sensitive,0658.jpg
0123.jpg,/Non_CSAM/images/0123.jpg,NON_CSAM,Non sensitive,0123.jpg
0793.jpg,/Non_CSAM/images/0793.jpg,NON_CSAM,Non sensitive,0793.jpg
3014.png,/Non_CSAM/images/3014.png,NON_CSAM,Non sensitive,3014.png
2633.jpg,/Non_CSAM/images/2633.jpg,NON_CSAM,Non sensitive,2633.jpg
1676.jpg,/Non_CSAM/images/1676.jpg,NON_CSAM,Non sensitive,1676.jpg
2858.png,/Non_CSAM/images/2858.png,NON_CSAM,Non sensitive,2858.png
3099.jpg,/Non_CSAM/images/3099.jpg,NON_CSAM,Non sensitive,3099.jpg
1380.jpg,/Non_CSAM/images/1380.jpg,NON_CSAM,Non sensitive,1380.jpg
0741.webp,/Non_CSAM/images/0741.webp,NON_CSAM,Non sensitive,0741.webp
3086.jpg,/Non_CSAM/images/3086.jpg,NON_CSAM,Non sensitive,3086.jpg
0203.jpg,/Non_CSAM/images/0203.jpg,NON_CSAM,Non sensitive,0203.jpg
0513.jpg,/Non_CSAM/images/0513.jpg,NON_CSAM,Non sensitive,0513.jpg
2668.jpg,/Non_CSAM/images/2668.jpg,NON_CSAM,Non sensitive,2668.jpg
2931.png,/Non_CSAM/images/2931.png,NON_CSAM,Non sensitive,2931.png
2003.jpg,/CSAM_non_sens/images/2003.jpg,CSAM,Non sensitive,2003.jpg
1944.jpg,/CSAM_non_sens/images/1944.jpg,CSAM,Non sensitive,1944.jpg
1998.jpg,/CSAM_non_sens/images/1998.jpg,CSAM,Non sensitive,1998.jpg
2068.jpg,/CSAM_non_sens/images/2068.jpg,CSAM,Non sensitive,2068.jpg
0871.jpg,/CSAM_non_sens/images/0871.jpg,CSAM,Non sensitive,0871.jpg
0886.jpg,/CSAM_non_sens/images/0886.jpg,CSAM,Non sensitive,0886.jpg
0809.webp,/CSAM_non_sens/images/0809.webp,CSAM,Non sensitive,0809.webp
0849.webp,/CSAM_non_sens/images/0849.webp,CSAM,Non sensitive,0849.webp
3139.jpg,/CSAM_non_sens/videos/video030/3139.jpg,CSAM,Non sensitive,video030
3140.jpg,/CSAM_non_sens/videos/video030/3140.jpg,CSAM,Non sensitive,video030
3141.jpg,/CSAM_non_sens/videos/video030/3141.jpg,CSAM,Non sensitive,video030
3142.jpg,/CSAM_non_sens/videos/video030/3142.jpg,CSAM,Non sensitive,video030
3144.jpg,/CSAM_non_sens/videos/video030/3144.jpg,CSAM,Non sensitive,video030
3263.jpg,/CSAM_non_sens/videos/video008/3263.jpg,CSAM,Non sensitive,video008
3347.jpg,/CSAM_non_sens/videos/video008/3347.jpg,CSAM,Non sensitive,video008
3378.png,/CSAM_non_sens/videos/video008/3378.png,CSAM,Non sensitive,video008
3406.jpg,/CSAM_non_sens/videos/video008/3406.jpg,CSAM,Non sensitive,video008
3409.jpg,/CSAM_non_sens/videos/video008/3409.jpg,CSAM,Non sensitive,video008
3417.jpg,/CSAM_non_sens/videos/video008/3417.jpg,CSAM,Non sensitive,video008
3418.jpg,/CSAM_non_sens/videos/video008/3418.jpg,CSAM,Non sensitive,video008
3427.jpg,/CSAM_non_sens/videos/video008/3427.jpg,CSAM,Non sensitive,video008
3428.jpg,/CSAM_non_sens/videos/video008/3428.jpg,CSAM,Non sensitive,video008
3429.jpg,/CSAM_non_sens/videos/video008/3429.jpg,CSAM,Non sensitive,video008
3430.jpg,/CSAM_non_sens/videos/video008/3430.jpg,CSAM,Non sensitive,video008
3431.jpg,/CSAM_non_sens/videos/video008/3431.jpg,CSAM,Non sensitive,video008
3433.jpg,/CSAM_non_sens/videos/video008/3433.jpg,CSAM,Non sensitive,video008
3434.jpg,/CSAM_non_sens/videos/video008/3434.jpg,CSAM,Non sensitive,video008
3435.jpg,/CSAM_non_sens/videos/video008/3435.jpg,CSAM,Non sensitive,video008
3436.jpg,/CSAM_non_sens/videos/video008/3436.jpg,CSAM,Non sensitive,video008
3437.jpg,/CSAM_non_sens/videos/video008/3437.jpg,CSAM,Non sensitive,video008
3438.jpg,/CSAM_non_sens/videos/video008/3438.jpg,CSAM,Non sensitive,video008
3487.jpg,/CSAM_non_sens/videos/video008/3487.jpg,CSAM,Non sensitive,video008
1149.jpeg,/CSAM_sens/images/1149.jpeg,CSAM,Sensitive,1149.jpeg
1192.jpg,/CSAM_sens/images/1192.jpg,CSAM,Sensitive,1192.jpg
1115.jpg,/CSAM_sens/images/1115.jpg,CSAM,Sensitive,1115.jpg
1009.jpg,/CSAM_sens/images/1009.jpg,CSAM,Sensitive,1009.jpg
1119.jpg,/CSAM_sens/images/1119.jpg,CSAM,Sensitive,1119.jpg
0914.jpg,/CSAM_sens/images/0914.jpg,CSAM,Sensitive,0914.jpg
3838.png,/CSAM_sens/videos/video020/3838.png,CSAM,Sensitive,video020
3839.png,/CSAM_sens/videos/video020/3839.png,CSAM,Sensitive,video020
3840.png,/CSAM_sens/videos/video020/3840.png,CSAM,Sensitive,video020
3841.png,/CSAM_sens/videos/video020/3841.png,CSAM,Sensitive,video020
3842.png,/CSAM_sens/videos/video020/3842.png,CSAM,Sensitive,video020
3843.png,/CSAM_sens/videos/video020/3843.png,CSAM,Sensitive,video020
3844.png,/CSAM_sens/videos/video020/3844.png,CSAM,Sensitive,video020
1274.jpg,/CSAM_sens/images/1274.jpg,CSAM,Sensitive,1274.jpg
0961.jpg,/CSAM_sens/images/0961.jpg,CSAM,Sensitive,0961.jpg
3553.png,/CSAM_sens/images/3553.png,CSAM,Sensitive,3553.png
1267.jpg,/CSAM_sens/images/1267.jpg,CSAM,Sensitive,1267.jpg
1058.jpg,/CSAM_sens/images/1058.jpg,CSAM,Sensitive,1058.jpg
2766.jpg,/Non_CSAM/images/2766.jpg,NON_CSAM,Non sensitive,2766.jpg
2929.png,/Non_CSAM/images/2929.png,NON_CSAM,Non sensitive,2929.png
1410.jpg,/Non_CSAM/images/1410.jpg,NON_CSAM,Non sensitive,1410.jpg
2649.jpg,/Non_CSAM/images/2649.jpg,NON_CSAM,Non sensitive,2649.jpg
0151.jpg,/Non_CSAM/images/0151.jpg,NON_CSAM,Non sensitive,0151.jpg
2806.jpg,/Non_CSAM/images/2806.jpg,NON_CSAM,Non sensitive,2806.jpg
2941.png,/Non_CSAM/images/2941.png,NON_CSAM,Non sensitive,2941.png
2868.png,/Non_CSAM/images/2868.png,NON_CSAM,Non sensitive,2868.png
1645.jpg,/Non_CSAM/images/1645.jpg,NON_CSAM,Non sensitive,1645.jpg
0343.jpg,/Non_CSAM/images/0343.jpg,NON_CSAM,Non sensitive,0343.jpg
2583.jpg,/Non_CSAM/images/2583.jpg,NON_CSAM,Non sensitive,2583.jpg
0299.jpg,/Non_CSAM/images/0299.jpg,NON_CSAM,Non sensitive,0299.jpg
1746.jpg,/Non_CSAM/images/1746.jpg,NON_CSAM,Non sensitive,1746.jpg
0308.jpg,/Non_CSAM/images/0308.jpg,NON_CSAM,Non sensitive,0308.jpg
2956.png,/Non_CSAM/images/2956.png,NON_CSAM,Non sensitive,2956.png
2991.png,/Non_CSAM/images/2991.png,NON_CSAM,Non sensitive,2991.png
1796.jpg,/Non_CSAM/images/1796.jpg,NON_CSAM,Non sensitive,1796.jpg
3118.jpg,/Non_CSAM/images/3118.jpg,NON_CSAM,Non sensitive,3118.jpg
2891.png,/Non_CSAM/images/2891.png,NON_CSAM,Non sensitive,2891.png
2652.jpg,/Non_CSAM/images/2652.jpg,NON_CSAM,Non sensitive,2652.jpg
0616.jpg,/Non_CSAM/images/0616.jpg,NON_CSAM,Non sensitive,0616.jpg
0269.jpg,/Non_CSAM/images/0269.jpg,NON_CSAM,Non sensitive,0269.jpg
2802.jpg,/Non_CSAM/images/2802.jpg,NON_CSAM,Non sensitive,2802.jpg
0334.jpg,/Non_CSAM/images/0334.jpg,NON_CSAM,Non sensitive,0334.jpg
0585.jpg,/Non_CSAM/images/0585.jpg,NON_CSAM,Non sensitive,0585.jpg
1403.jpg,/Non_CSAM/images/1403.jpg,NON_CSAM,Non sensitive,1403.jpg
0423.jpg,/Non_CSAM/images/0423.jpg,NON_CSAM,Non sensitive,0423.jpg
1580.jpg,/Non_CSAM/images/1580.jpg,NON_CSAM,Non sensitive,1580.jpg
0062.jpg,/Non_CSAM/images/0062.jpg,NON_CSAM,Non sensitive,0062.jpg
0066.jpg,/Non_CSAM/images/0066.jpg,NON_CSAM,Non sensitive,0066.jpg
1900.jpg,/CSAM_non_sens/images/1900.jpg,CSAM,Non sensitive,1900.jpg
0859.webp,/CSAM_non_sens/images/0859.webp,CSAM,Non sensitive,0859.webp
3501.png,/CSAM_non_sens/images/3501.png,CSAM,Non sensitive,3501.png
3335.jpg,/CSAM_non_sens/videos/video012/3335.jpg,CSAM,Non sensitive,video012
3359.jpg,/CSAM_non_sens/videos/video012/3359.jpg,CSAM,Non sensitive,video012
3380.jpg,/CSAM_non_sens/videos/video012/3380.jpg,CSAM,Non sensitive,video012
3401.jpg,/CSAM_non_sens/videos/video012/3401.jpg,CSAM,Non sensitive,video012
3419.jpg,/CSAM_non_sens/videos/video012/3419.jpg,CSAM,Non sensitive,video012
3420.jpg,/CSAM_non_sens/videos/video012/3420.jpg,CSAM,Non sensitive,video012
3422.jpg,/CSAM_non_sens/videos/video012/3422.jpg,CSAM,Non sensitive,video012
3423.jpg,/CSAM_non_sens/videos/video012/3423.jpg,CSAM,Non sensitive,video012
3425.jpg,/CSAM_non_sens/videos/video012/3425.jpg,CSAM,Non sensitive,video012
3426.jpg,/CSAM_non_sens/videos/video012/3426.jpg,CSAM,Non sensitive,video012
1874.jpg,/CSAM_non_sens/images/1874.jpg,CSAM,Non sensitive,1874.jpg
2018.jpg,/CSAM_non_sens/images/2018.jpg,CSAM,Non sensitive,2018.jpg
1857.jpg,/CSAM_non_sens/images/1857.jpg,CSAM,Non sensitive,1857.jpg
2050.jpg,/CSAM_non_sens/images/2050.jpg,CSAM,Non sensitive,2050.jpg
1926.jpg,/CSAM_non_sens/images/1926.jpg,CSAM,Non sensitive,1926.jpg
1969.jpg,/CSAM_non_sens/images/1969.jpg,CSAM,Non sensitive,1969.jpg
3134.jpg,/CSAM_non_sens/images/3134.jpg,CSAM,Non sensitive,3134.jpg
1824.jpg,/CSAM_non_sens/images/1824.jpg,CSAM,Non sensitive,1824.jpg
1283.jpg,/CSAM_sens/images/1283.jpg,CSAM,Sensitive,1283.jpg
1168.png,/CSAM_sens/images/1168.png,CSAM,Sensitive,1168.png
1270.jpg,/CSAM_sens/images/1270.jpg,CSAM,Sensitive,1270.jpg
0975.jpg,/CSAM_sens/images/0975.jpg,CSAM,Sensitive,0975.jpg
0928.webp,/CSAM_sens/images/0928.webp,CSAM,Sensitive,0928.webp
1092.jpeg,/CSAM_sens/images/1092.jpeg,CSAM,Sensitive,1092.jpeg
1096.jpeg,/CSAM_sens/images/1096.jpeg,CSAM,Sensitive,1096.jpeg
1106.jpeg,/CSAM_sens/images/1106.jpeg,CSAM,Sensitive,1106.jpeg
1191.jpg,/CSAM_sens/images/1191.jpg,CSAM,Sensitive,1191.jpg
