image name,filepath,label,subtype,group_id,text
1594.jpg,/Non_CSAM/images/1594.jpg,NON_CSAM,Non sensitive,1594.jpg,
0373.jpg,/Non_CSAM/images/0373.jpg,NON_CSAM,Non sensitive,0373.jpg,
0069.jpg,/Non_CSAM/images/0069.jpg,NON_CSAM,Non sensitive,0069.jpg,
2946.png,/Non_CSAM/images/2946.png,NON_CSAM,Non sensitive,2946.png,
0786.webp,/Non_CSAM/images/0786.webp,NON_CSAM,Non sensitive,0786.webp,
0290.jpg,/Non_CSAM/images/0290.jpg,NON_CSAM,Non sensitive,0290.jpg,
2940.png,/Non_CSAM/images/2940.png,NON_CSAM,Non sensitive,2940.png,
1429.jpg,/Non_CSAM/images/1429.jpg,NON_CSAM,Non sensitive,1429.jpg,
3001.png,/Non_CSAM/images/3001.png,NON_CSAM,Non sensitive,3001.png,
1627.jpg,/Non_CSAM/images/1627.jpg,NON_CSAM,Non sensitive,1627.jpg,
2692.jpg,/Non_CSAM/images/2692.jpg,NON_CSAM,Non sensitive,2692.jpg,
1696.jpg,/Non_CSAM/images/1696.jpg,NON_CSAM,Non sensitive,1696.jpg,
1537.jpg,/Non_CSAM/images/1537.jpg,NON_CSAM,Non sensitive,1537.jpg,
3083.jpg,/Non_CSAM/images/3083.jpg,NON_CSAM,Non sensitive,3083.jpg,
2847.png,/Non_CSAM/images/2847.png,NON_CSAM,Non sensitive,2847.png,
0755.jpg,/Non_CSAM/images/0755.jpg,NON_CSAM,Non sensitive,0755.jpg,
2954.png,/Non_CSAM/images/2954.png,NON_CSAM,Non sensitive,2954.png,
0192.jpg,/Non_CSAM/images/0192.jpg,NON_CSAM,Non sensitive,0192.jpg,
1622.jpg,/Non_CSAM/images/1622.jpg,NON_CSAM,Non sensitive,1622.jpg,
0130.jpg,/Non_CSAM/images/0130.jpg,NON_CSAM,Non sensitive,0130.jpg,
1602.jpg,/Non_CSAM/images/1602.jpg,NON_CSAM,Non sensitive,1602.jpg,
1400.jpg,/Non_CSAM/images/1400.jpg,NON_CSAM,Non sensitive,1400.jpg,
0643.jpg,/Non_CSAM/images/0643.jpg,NON_CSAM,Non sensitive,0643.jpg,
1669.jpg,/Non_CSAM/images/1669.jpg,NON_CSAM,Non sensitive,1669.jpg,
0239.jpg,/Non_CSAM/images/0239.jpg,NON_CSAM,Non sensitive,0239.jpg,
2834.png,/Non_CSAM/images/2834.png,NON_CSAM,Non sensitive,2834.png,
0116.jpg,/Non_CSAM/images/0116.jpg,NON_CSAM,Non sensitive,0116.jpg,
3070.jpg,/Non_CSAM/images/3070.jpg,NON_CSAM,Non sensitive,3070.jpg,
1655.jpg,/Non_CSAM/images/1655.jpg,NON_CSAM,Non sensitive,1655.jpg,
0087.jpg,/Non_CSAM/images/0087.jpg,NON_CSAM,Non sensitive,0087.jpg,
0566.jpg,/Non_CSAM/images/0566.jpg,NON_CSAM,Non sensitive,0566.jpg,
1448.jpg,/Non_CSAM/images/1448.jpg,NON_CSAM,Non sensitive,1448.jpg,
1447.jpg,/Non_CSAM/images/1447.jpg,NON_CSAM,Non sensitive,1447.jpg,
2810.jpg,/Non_CSAM/images/2810.jpg,NON_CSAM,Non sensitive,2810.jpg,
0560.jpg,/Non_CSAM/images/0560.jpg,NON_CSAM,Non sensitive,0560.jpg,
2795.jpg,/Non_CSAM/images/2795.jpg,NON_CSAM,Non sensitive,2795.jpg,
2642.jpg,/Non_CSAM/images/2642.jpg,NON_CSAM,Non sensitive,2642.jpg,
1344.jpg,/Non_CSAM/images/1344.jpg,NON_CSAM,Non sensitive,1344.jpg,
0379.jpg,/Non_CSAM/images/0379.jpg,NON_CSAM,Non sensitive,0379.jpg,
0374.jpg,/Non_CSAM/images/0374.jpg,NON_CSAM,Non sensitive,0374.jpg,
1439.jpg,/Non_CSAM/images/1439.jpg,NON_CSAM,Non sensitive,1439.jpg,
0646.jpg,/Non_CSAM/images/0646.jpg,NON_CSAM,Non sensitive,0646.jpg,
1716.jpg,/Non_CSAM/images/1716.jpg,NON_CSAM,Non sensitive,1716.jpg,
1615.jpg,/Non_CSAM/images/1615.jpg,NON_CSAM,Non sensitive,1615.jpg,
2623.jpg,/Non_CSAM/images/2623.jpg,NON_CSAM,Non sensitive,2623.jpg,
0375.jpg,/Non_CSAM/images/0375.jpg,NON_CSAM,Non sensitive,0375.jpg,
2949.png,/Non_CSAM/images/2949.png,NON_CSAM,Non sensitive,2949.png,
2747.jpg,/Non_CSAM/images/2747.jpg,NON_CSAM,Non sensitive,2747.jpg,
0652.jpg,/Non_CSAM/images/0652.jpg,NON_CSAM,Non sensitive,0652.jpg,
2577.jpg,/Non_CSAM/images/2577.jpg,NON_CSAM,Non sensitive,2577.jpg,
0365.jpg,/Non_CSAM/images/0365.jpg,NON_CSAM,Non sensitive,0365.jpg,
0323.jpg,/Non_CSAM/images/0323.jpg,NON_CSAM,Non sensitive,0323.jpg,
2883.png,/Non_CSAM/images/2883.png,NON_CSAM,Non sensitive,2883.png,
2909.png,/Non_CSAM/images/2909.png,NON_CSAM,Non sensitive,2909.png,
1341.jpg,/Non_CSAM/images/1341.jpg,NON_CSAM,Non sensitive,1341.jpg,
2611.jpg,/Non_CSAM/images/2611.jpg,NON_CSAM,Non sensitive,2611.jpg,
1562.jpg,/Non_CSAM/images/1562.jpg,NON_CSAM,Non sensitive,1562.jpg,
1483.jpg,/Non_CSAM/images/1483.jpg,NON_CSAM,Non sensitive,1483.jpg,
2717.jpg,/Non_CSAM/images/2717.jpg,NON_CSAM,Non sensitive,2717.jpg,
0397.jpg,/Non_CSAM/images/0397.jpg,NON_CSAM,Non sensitive,0397.jpg,
1651.jpg,/Non_CSAM/images/1651.jpg,NON_CSAM,Non sensitive,1651.jpg,
0068.webp,/Non_CSAM/images/0068.webp,NON_CSAM,Non sensitive,0068.webp,
0412.jpg,/Non_CSAM/images/0412.jpg,NON_CSAM,Non sensitive,0412.jpg,
0709.jpg,/Non_CSAM/images/0709.jpg,NON_CSAM,Non sensitive,0709.jpg,
1496.jpg,/Non_CSAM/images/1496.jpg,NON_CSAM,Non sensitive,1496.jpg,
2573.jpg,/Non_CSAM/images/2573.jpg,NON_CSAM,Non sensitive,2573.jpg,
1637.jpg,/Non_CSAM/images/1637.jpg,NON_CSAM,Non sensitive,1637.jpg,
0331.jpg,/Non_CSAM/images/0331.jpg,NON_CSAM,Non sensitive,0331.jpg,
2684.jpg,/Non_CSAM/images/2684.jpg,NON_CSAM,Non sensitive,2684.jpg,
0642.jpg,/Non_CSAM/images/0642.jpg,NON_CSAM,Non sensitive,0642.jpg,
3108.jpg,/Non_CSAM/images/3108.jpg,NON_CSAM,Non sensitive,3108.jpg,
1330.jpg,/Non_CSAM/images/1330.jpg,NON_CSAM,Non sensitive,1330.jpg,
0544.jpg,/Non_CSAM/images/0544.jpg,NON_CSAM,Non sensitive,0544.jpg,
0502.jpg,/Non_CSAM/images/0502.jpg,NON_CSAM,Non sensitive,0502.jpg,
1635.jpg,/Non_CSAM/images/1635.jpg,NON_CSAM,Non sensitive,1635.jpg,
1517.jpg,/Non_CSAM/images/1517.jpg,NON_CSAM,Non sensitive,1517.jpg,
0070.jpg,/Non_CSAM/images/0070.jpg,NON_CSAM,Non sensitive,0070.jpg,
0491.jpg,/Non_CSAM/images/0491.jpg,NON_CSAM,Non sensitive,0491.jpg,
1724.jpg,/Non_CSAM/images/1724.jpg,NON_CSAM,Non sensitive,1724.jpg,
2916.png,/Non_CSAM/images/2916.png,NON_CSAM,Non sensitive,2916.png,
0529.jpg,/Non_CSAM/images/0529.jpg,NON_CSAM,Non sensitive,0529.jpg,
3032.png,/Non_CSAM/images/3032.png,NON_CSAM,Non sensitive,3032.png,
0035.webp,/Non_CSAM/images/0035.webp,NON_CSAM,Non sensitive,0035.webp,
0100.jpg,/Non_CSAM/images/0100.jpg,NON_CSAM,Non sensitive,0100.jpg,
0715.jpg,/Non_CSAM/images/0715.jpg,NON_CSAM,Non sensitive,0715.jpg,
3039.png,/Non_CSAM/images/3039.png,NON_CSAM,Non sensitive,3039.png,
0613.jpg,/Non_CSAM/images/0613.jpg,NON_CSAM,Non sensitive,0613.jpg,
0399.jpg,/Non_CSAM/images/0399.jpg,NON_CSAM,Non sensitive,0399.jpg,
3023.png,/Non_CSAM/images/3023.png,NON_CSAM,Non sensitive,3023.png,
0254.jpg,/Non_CSAM/images/0254.jpg,NON_CSAM,Non sensitive,0254.jpg,
0071.jpg,/Non_CSAM/images/0071.jpg,NON_CSAM,Non sensitive,0071.jpg,
0657.jpg,/Non_CSAM/images/0657.jpg,NON_CSAM,Non sensitive,0657.jpg,
0340.jpg,/Non_CSAM/images/0340.jpg,NON_CSAM,Non sensitive,0340.jpg,
2892.png,/Non_CSAM/images/2892.png,NON_CSAM,Non sensitive,2892.png,
2572.jpg,/Non_CSAM/images/2572.jpg,NON_CSAM,Non sensitive,2572.jpg,
0620.jpg,/Non_CSAM/images/0620.jpg,NON_CSAM,Non sensitive,0620.jpg,
0045.webp,/Non_CSAM/images/0045.webp,NON_CSAM,Non sensitive,0045.webp,
2993.png,/Non_CSAM/images/2993.png,NON_CSAM,Non sensitive,2993.png,
3085.jpg,/Non_CSAM/images/3085.jpg,NON_CSAM,Non sensitive,3085.jpg,
1809.jpg,/Non_CSAM/images/1809.jpg,NON_CSAM,Non sensitive,1809.jpg,
0483.jpg,/Non_CSAM/images/0483.jpg,NON_CSAM,Non sensitive,0483.jpg,
1561.jpg,/Non_CSAM/images/1561.jpg,NON_CSAM,Non sensitive,1561.jpg,
0738.webp,/Non_CSAM/images/0738.webp,NON_CSAM,Non sensitive,0738.webp,
1397.jpg,/Non_CSAM/images/1397.jpg,NON_CSAM,Non sensitive,1397.jpg,
0172.jpg,/Non_CSAM/images/0172.jpg,NON_CSAM,Non sensitive,0172.jpg,
0030.jpeg,/Non_CSAM/images/0030.jpeg,NON_CSAM,Non sensitive,0030.jpeg,
0142.jpg,/Non_CSAM/images/0142.jpg,NON_CSAM,Non sensitive,0142.jpg,
1750.jpg,/Non_CSAM/images/1750.jpg,NON_CSAM,Non sensitive,1750.jpg,
1623.jpg,/Non_CSAM/images/1623.jpg,NON_CSAM,Non sensitive,1623.jpg,
3077.jpg,/Non_CSAM/images/3077.jpg,NON_CSAM,Non sensitive,3077.jpg,
1808.jpg,/Non_CSAM/images/1808.jpg,NON_CSAM,Non sensitive,1808.jpg,
0386.jpg,/Non_CSAM/images/0386.jpg,NON_CSAM,Non sensitive,0386.jpg,
0689.jpg,/Non_CSAM/images/0689.jpg,NON_CSAM,Non sensitive,0689.jpg,
1479.jpg,/Non_CSAM/images/1479.jpg,NON_CSAM,Non sensitive,1479.jpg,
2797.jpg,/Non_CSAM/images/2797.jpg,NON_CSAM,Non sensitive,2797.jpg,
0111.jpg,/Non_CSAM/images/0111.jpg,NON_CSAM,Non sensitive,0111.jpg,
1342.jpg,/Non_CSAM/images/1342.jpg,NON_CSAM,Non sensitive,1342.jpg,
0547.jpg,/Non_CSAM/images/0547.jpg,NON_CSAM,Non sensitive,0547.jpg,
0189.jpg,/Non_CSAM/images/0189.jpg,NON_CSAM,Non sensitive,0189.jpg,
0294.jpg,/Non_CSAM/images/0294.jpg,NON_CSAM,Non sensitive,0294.jpg,
1468.jpg,/Non_CSAM/images/1468.jpg,NON_CSAM,Non sensitive,1468.jpg,
1730.jpg,/Non_CSAM/images/1730.jpg,NON_CSAM,Non sensitive,1730.jpg,
3005.png,/Non_CSAM/images/3005.png,NON_CSAM,Non sensitive,3005.png,
2685.jpg,/Non_CSAM/images/2685.jpg,NON_CSAM,Non sensitive,2685.jpg,
0073.jpg,/Non_CSAM/images/0073.jpg,NON_CSAM,Non sensitive,0073.jpg,
1547.jpg,/Non_CSAM/images/1547.jpg,NON_CSAM,Non sensitive,1547.jpg,
0170.jpg,/Non_CSAM/images/0170.jpg,NON_CSAM,Non sensitive,0170.jpg,
2853.png,/Non_CSAM/images/2853.png,NON_CSAM,Non sensitive,2853.png,
2694.jpg,/Non_CSAM/images/2694.jpg,NON_CSAM,Non sensitive,2694.jpg,
2581.jpg,/Non_CSAM/images/2581.jpg,NON_CSAM,Non sensitive,2581.jpg,
1625.jpg,/Non_CSAM/images/1625.jpg,NON_CSAM,Non sensitive,1625.jpg,
2838.png,/Non_CSAM/images/2838.png,NON_CSAM,Non sensitive,2838.png,
2841.png,/Non_CSAM/images/2841.png,NON_CSAM,Non sensitive,2841.png,
1630.jpg,/Non_CSAM/images/1630.jpg,NON_CSAM,Non sensitive,1630.jpg,
1799.jpg,/Non_CSAM/images/1799.jpg,NON_CSAM,Non sensitive,1799.jpg,
2939.png,/Non_CSAM/images/2939.png,NON_CSAM,Non sensitive,2939.png,
0047.webp,/Non_CSAM/images/0047.webp,NON_CSAM,Non sensitive,0047.webp,
0137.jpg,/Non_CSAM/images/0137.jpg,NON_CSAM,Non sensitive,0137.jpg,
1699.jpg,/Non_CSAM/images/1699.jpg,NON_CSAM,Non sensitive,1699.jpg,
3054.png,/Non_CSAM/images/3054.png,NON_CSAM,Non sensitive,3054.png,
0511.jpg,/Non_CSAM/images/0511.jpg,NON_CSAM,Non sensitive,0511.jpg,
0722.jpg,/Non_CSAM/images/0722.jpg,NON_CSAM,Non sensitive,0722.jpg,
2706.jpg,/Non_CSAM/images/2706.jpg,NON_CSAM,Non sensitive,2706.jpg,
0207.jpg,/Non_CSAM/images/0207.jpg,NON_CSAM,Non sensitive,0207.jpg,
0754.webp,/Non_CSAM/images/0754.webp,NON_CSAM,Non sensitive,0754.webp,
1675.jpg,/Non_CSAM/images/1675.jpg,NON_CSAM,Non sensitive,1675.jpg,
0480.jpg,/Non_CSAM/images/0480.jpg,NON_CSAM,Non sensitive,0480.jpg,
3007.png,/Non_CSAM/images/3007.png,NON_CSAM,Non sensitive,3007.png,
1757.jpg,/Non_CSAM/images/1757.jpg,NON_CSAM,Non sensitive,1757.jpg,
0263.jpg,/Non_CSAM/images/0263.jpg,NON_CSAM,Non sensitive,0263.jpg,
0724.webp,/Non_CSAM/images/0724.webp,NON_CSAM,Non sensitive,0724.webp,
0430.jpg,/Non_CSAM/images/0430.jpg,NON_CSAM,Non sensitive,0430.jpg,
1463.jpg,/Non_CSAM/images/1463.jpg,NON_CSAM,Non sensitive,1463.jpg,
0021.webp,/Non_CSAM/images/0021.webp,NON_CSAM,Non sensitive,0021.webp,
0588.jpg,/Non_CSAM/images/0588.jpg,NON_CSAM,Non sensitive,0588.jpg,
0713.webp,/Non_CSAM/images/0713.webp,NON_CSAM,Non sensitive,0713.webp,
1673.jpg,/Non_CSAM/images/1673.jpg,NON_CSAM,Non sensitive,1673.jpg,
1435.jpg,/Non_CSAM/images/1435.jpg,NON_CSAM,Non sensitive,1435.jpg,
0026.jpeg,/Non_CSAM/images/0026.jpeg,NON_CSAM,Non sensitive,0026.jpeg,
2714.jpg,/Non_CSAM/images/2714.jpg,NON_CSAM,Non sensitive,2714.jpg,
0218.jpg,/Non_CSAM/images/0218.jpg,NON_CSAM,Non sensitive,0218.jpg,
0785.webp,/Non_CSAM/images/0785.webp,NON_CSAM,Non sensitive,0785.webp,
0351.jpg,/Non_CSAM/images/0351.jpg,NON_CSAM,Non sensitive,0351.jpg,
1640.jpg,/Non_CSAM/images/1640.jpg,NON_CSAM,Non sensitive,1640.jpg,
1788.jpg,/Non_CSAM/images/1788.jpg,NON_CSAM,Non sensitive,1788.jpg,
2710.jpg,/Non_CSAM/images/2710.jpg,NON_CSAM,Non sensitive,2710.jpg,
2615.jpg,/Non_CSAM/images/2615.jpg,NON_CSAM,Non sensitive,2615.jpg,
0110.jpg,/Non_CSAM/images/0110.jpg,NON_CSAM,Non sensitive,0110.jpg,
2894.png,/Non_CSAM/images/2894.png,NON_CSAM,Non sensitive,2894.png,
2749.jpg,/Non_CSAM/images/2749.jpg,NON_CSAM,Non sensitive,2749.jpg,
0056.webp,/Non_CSAM/images/0056.webp,NON_CSAM,Non sensitive,0056.webp,
1318.jpg,/Non_CSAM/images/1318.jpg,NON_CSAM,Non sensitive,1318.jpg,
0132.jpg,/Non_CSAM/images/0132.jpg,NON_CSAM,Non sensitive,0132.jpg,
0601.jpg,/Non_CSAM/images/0601.jpg,NON_CSAM,Non sensitive,0601.jpg,
1518.jpg,/Non_CSAM/images/1518.jpg,NON_CSAM,Non sensitive,1518.jpg,
1756.jpg,/Non_CSAM/images/1756.jpg,NON_CSAM,Non sensitive,1756.jpg,
0376.jpg,/Non_CSAM/images/0376.jpg,NON_CSAM,Non sensitive,0376.jpg,
0318.jpg,/Non_CSAM/images/0318.jpg,NON_CSAM,Non sensitive,0318.jpg,
0651.jpg,/Non_CSAM/images/0651.jpg,NON_CSAM,Non sensitive,0651.jpg,
2912.png,/Non_CSAM/images/2912.png,NON_CSAM,Non sensitive,2912.png,
1601.jpg,/Non_CSAM/images/1601.jpg,NON_CSAM,Non sensitive,1601.jpg,
2648.jpg,/Non_CSAM/images/2648.jpg,NON_CSAM,Non sensitive,2648.jpg,
1671.jpg,/Non_CSAM/images/1671.jpg,NON_CSAM,Non sensitive,1671.jpg,
1714.jpg,/Non_CSAM/images/1714.jpg,NON_CSAM,Non sensitive,1714.jpg,
0372.jpg,/Non_CSAM/images/0372.jpg,NON_CSAM,Non sensitive,0372.jpg,
1375.jpg,/Non_CSAM/images/1375.jpg,NON_CSAM,Non sensitive,1375.jpg,
1584.jpg,/Non_CSAM/images/1584.jpg,NON_CSAM,Non sensitive,1584.jpg,
1648.jpg,/Non_CSAM/images/1648.jpg,NON_CSAM,Non sensitive,1648.jpg,
3384.png,/CSAM_non_sens/images/3384.png,CSAM,Non sensitive,3384.png,
1966.jpg,/CSAM_non_sens/images/1966.jpg,CSAM,Non sensitive,1966.jpg,
2057.jpg,/CSAM_non_sens/images/2057.jpg,CSAM,Non sensitive,2057.jpg,
3230.jpg,/CSAM_non_sens/videos/video001/3230.jpg,CSAM,Non sensitive,video001,
3237.jpg,/CSAM_non_sens/videos/video001/3237.jpg,CSAM,Non sensitive,video001,
3239.jpg,/CSAM_non_sens/videos/video001/3239.jpg,CSAM,Non sensitive,video001,
3247.jpg,/CSAM_non_sens/videos/video001/3247.jpg,CSAM,Non sensitive,video001,
3257.jpg,/CSAM_non_sens/videos/video001/3257.jpg,CSAM,Non sensitive,video001,
3258.jpg,/CSAM_non_sens/videos/video001/3258.jpg,CSAM,Non sensitive,video001,
3259.jpg,/CSAM_non_sens/videos/video001/3259.jpg,CSAM,Non sensitive,video001,
3260.jpg,/CSAM_non_sens/videos/video001/3260.jpg,CSAM,Non sensitive,video001,
3261.jpg,/CSAM_non_sens/videos/video001/3261.jpg,CSAM,Non sensitive,video001,
3262.jpg,/CSAM_non_sens/videos/video001/3262.jpg,CSAM,Non sensitive,video001,
3265.jpg,/CSAM_non_sens/videos/video001/3265.jpg,CSAM,Non sensitive,video001,
3266.jpg,/CSAM_non_sens/videos/video001/3266.jpg,CSAM,Non sensitive,video001,
3267.jpg,/CSAM_non_sens/videos/video001/3267.jpg,CSAM,Non sensitive,video001,
3268.jpg,/CSAM_non_sens/videos/video001/3268.jpg,CSAM,Non sensitive,video001,
3269.jpg,/CSAM_non_sens/videos/video001/3269.jpg,CSAM,Non sensitive,video001,
3270.jpg,/CSAM_non_sens/videos/video001/3270.jpg,CSAM,Non sensitive,video001,
3271.jpg,/CSAM_non_sens/videos/video001/3271.jpg,CSAM,Non sensitive,video001,
3272.jpg,/CSAM_non_sens/videos/video001/3272.jpg,CSAM,Non sensitive,video001,
3273.jpg,/CSAM_non_sens/videos/video001/3273.jpg,CSAM,Non sensitive,video001,
3274.jpg,/CSAM_non_sens/videos/video001/3274.jpg,CSAM,Non sensitive,video001,
3277.jpg,/CSAM_non_sens/videos/video001/3277.jpg,CSAM,Non sensitive,video001,
3508.jpg,/CSAM_non_sens/videos/video001/3508.jpg,CSAM,Non sensitive,video001,
3510.jpg,/CSAM_non_sens/videos/video001/3510.jpg,CSAM,Non sensitive,video001,
3511.jpg,/CSAM_non_sens/videos/video001/3511.jpg,CSAM,Non sensitive,video001,
3512.jpg,/CSAM_non_sens/videos/video001/3512.jpg,CSAM,Non sensitive,video001,
3513.jpg,/CSAM_non_sens/videos/video001/3513.jpg,CSAM,Non sensitive,video001,
3515.jpg,/CSAM_non_sens/videos/video001/3515.jpg,CSAM,Non sensitive,video001,
3516.jpg,/CSAM_non_sens/videos/video001/3516.jpg,CSAM,Non sensitive,video001,
3517.jpg,/CSAM_non_sens/videos/video001/3517.jpg,CSAM,Non sensitive,video001,
3519.jpg,/CSAM_non_sens/videos/video001/3519.jpg,CSAM,Non sensitive,video001,
3520.jpg,/CSAM_non_sens/videos/video001/3520.jpg,CSAM,Non sensitive,video001,
3521.jpg,/CSAM_non_sens/videos/video001/3521.jpg,CSAM,Non sensitive,video001,
3522.jpg,/CSAM_non_sens/videos/video001/3522.jpg,CSAM,Non sensitive,video001,
3523.jpg,/CSAM_non_sens/videos/video001/3523.jpg,CSAM,Non sensitive,video001,
3524.jpg,/CSAM_non_sens/videos/video001/3524.jpg,CSAM,Non sensitive,video001,
3525.jpg,/CSAM_non_sens/videos/video001/3525.jpg,CSAM,Non sensitive,video001,
3526.jpg,/CSAM_non_sens/videos/video001/3526.jpg,CSAM,Non sensitive,video001,
0864.webp,/CSAM_non_sens/images/0864.webp,CSAM,Non sensitive,0864.webp,
1847.jpg,/CSAM_non_sens/images/1847.jpg,CSAM,Non sensitive,1847.jpg,
1853.jpg,/CSAM_non_sens/images/1853.jpg,CSAM,Non sensitive,1853.jpg,
1904.jpg,/CSAM_non_sens/images/1904.jpg,CSAM,Non sensitive,1904.jpg,
3206.jpg,/CSAM_non_sens/images/3206.jpg,CSAM,Non sensitive,3206.jpg,
1996.jpg,/CSAM_non_sens/images/1996.jpg,CSAM,Non sensitive,1996.jpg,
3278.jpg,/CSAM_non_sens/videos/video019/3278.jpg,CSAM,Non sensitive,video019,
3279.jpg,/CSAM_non_sens/videos/video019/3279.jpg,CSAM,Non sensitive,video019,
3280.jpg,/CSAM_non_sens/videos/video019/3280.jpg,CSAM,Non sensitive,video019,
3281.jpg,/CSAM_non_sens/videos/video019/3281.jpg,CSAM,Non sensitive,video019,
3282.jpg,/CSAM_non_sens/videos/video019/3282.jpg,CSAM,Non sensitive,video019,
3283.jpg,/CSAM_non_sens/videos/video019/3283.jpg,CSAM,Non sensitive,video019,
3284.jpg,/CSAM_non_sens/videos/video019/3284.jpg,CSAM,Non sensitive,video019,
3285.jpg,/CSAM_non_sens/videos/video019/3285.jpg,CSAM,Non sensitive,video019,
3286.jpg,/CSAM_non_sens/videos/video019/3286.jpg,CSAM,Non sensitive,video019,
3289.jpg,/CSAM_non_sens/videos/video019/3289.jpg,CSAM,Non sensitive,video019,
3290.jpg,/CSAM_non_sens/videos/video019/3290.jpg,CSAM,Non sensitive,video019,
3291.jpg,/CSAM_non_sens/videos/video019/3291.jpg,CSAM,Non sensitive,video019,
3146.jpg,/CSAM_non_sens/images/3146.jpg,CSAM,Non sensitive,3146.jpg,
3222.jpg,/CSAM_non_sens/images/3222.jpg,CSAM,Non sensitive,3222.jpg,
1862.jpg,/CSAM_non_sens/images/1862.jpg,CSAM,Non sensitive,1862.jpg,
3185.jpg,/CSAM_non_sens/images/3185.jpg,CSAM,Non sensitive,3185.jpg,
2071.jpg,/CSAM_non_sens/images/2071.jpg,CSAM,Non sensitive,2071.jpg,
3181.jpg,/CSAM_non_sens/images/3181.jpg,CSAM,Non sensitive,3181.jpg,
0826.webp,/CSAM_non_sens/images/0826.webp,CSAM,Non sensitive,0826.webp,
3264.jpg,/CSAM_non_sens/images/3264.jpg,CSAM,Non sensitive,3264.jpg,
3217.jpg,/CSAM_non_sens/images/3217.jpg,CSAM,Non sensitive,3217.jpg,
3156.jpg,/CSAM_non_sens/images/3156.jpg,CSAM,Non sensitive,3156.jpg,
3204.jpg,/CSAM_non_sens/images/3204.jpg,CSAM,Non sensitive,3204.jpg,
1977.jpg,/CSAM_non_sens/images/1977.jpg,CSAM,Non sensitive,1977.jpg,
1912.jpg,/CSAM_non_sens/images/1912.jpg,CSAM,Non sensitive,1912.jpg,
1859.jpg,/CSAM_non_sens/images/1859.jpg,CSAM,Non sensitive,1859.jpg,
2016.jpg,/CSAM_non_sens/images/2016.jpg,CSAM,Non sensitive,2016.jpg,
0898.jpg,/CSAM_non_sens/images/0898.jpg,CSAM,Non sensitive,0898.jpg,
3225.jpg,/CSAM_non_sens/images/3225.jpg,CSAM,Non sensitive,3225.jpg,
0840.jpg,/CSAM_non_sens/images/0840.jpg,CSAM,Non sensitive,0840.jpg,
1854.jpg,/CSAM_non_sens/images/1854.jpg,CSAM,Non sensitive,1854.jpg,
3151.jpg,/CSAM_non_sens/videos/video031/3151.jpg,CSAM,Non sensitive,video031,
3152.jpg,/CSAM_non_sens/videos/video031/3152.jpg,CSAM,Non sensitive,video031,
0875.jpeg,/CSAM_non_sens/images/0875.jpeg,CSAM,Non sensitive,0875.jpeg,
0876.jpg,/CSAM_non_sens/images/0876.jpg,CSAM,Non sensitive,0876.jpg,
3232.jpg,/CSAM_non_sens/images/3232.jpg,CSAM,Non sensitive,3232.jpg,
0890.jpg,/CSAM_non_sens/images/0890.jpg,CSAM,Non sensitive,0890.jpg,
3318.jpg,/CSAM_non_sens/videos/video017/3318.jpg,CSAM,Non sensitive,video017,
3319.jpg,/CSAM_non_sens/videos/video017/3319.jpg,CSAM,Non sensitive,video017,
3320.jpg,/CSAM_non_sens/videos/video017/3320.jpg,CSAM,Non sensitive,video017,
3321.jpg,/CSAM_non_sens/videos/video017/3321.jpg,CSAM,Non sensitive,video017,
3322.jpg,/CSAM_non_sens/videos/video017/3322.jpg,CSAM,Non sensitive,video017,
3325.jpg,/CSAM_non_sens/videos/video017/3325.jpg,CSAM,Non sensitive,video017,
3326.jpg,/CSAM_non_sens/videos/video017/3326.jpg,CSAM,Non sensitive,video017,
3327.jpg,/CSAM_non_sens/videos/video017/3327.jpg,CSAM,Non sensitive,video017,
3328.jpg,/CSAM_non_sens/videos/video017/3328.jpg,CSAM,Non sensitive,video017,
3329.jpg,/CSAM_non_sens/videos/video017/3329.jpg,CSAM,Non sensitive,video017,
3330.jpg,/CSAM_non_sens/videos/video017/3330.jpg,CSAM,Non sensitive,video017,
3331.jpg,/CSAM_non_sens/videos/video017/3331.jpg,CSAM,Non sensitive,video017,
3332.jpg,/CSAM_non_sens/videos/video017/3332.jpg,CSAM,Non sensitive,video017,
3333.jpg,/CSAM_non_sens/videos/video017/3333.jpg,CSAM,Non sensitive,video017,
3334.jpg,/CSAM_non_sens/videos/video017/3334.jpg,CSAM,Non sensitive,video017,
3337.jpg,/CSAM_non_sens/videos/video017/3337.jpg,CSAM,Non sensitive,video017,
3338.jpg,/CSAM_non_sens/videos/video017/3338.jpg,CSAM,Non sensitive,video017,
3490.png,/CSAM_non_sens/images/3490.png,CSAM,Non sensitive,3490.png,
3207.jpg,/CSAM_non_sens/images/3207.jpg,CSAM,Non sensitive,3207.jpg,
1823.jpg,/CSAM_non_sens/images/1823.jpg,CSAM,Non sensitive,1823.jpg,
1917.jpg,/CSAM_non_sens/images/1917.jpg,CSAM,Non sensitive,1917.jpg,
2012.jpg,/CSAM_non_sens/images/2012.jpg,CSAM,Non sensitive,2012.jpg,
1958.jpg,/CSAM_non_sens/images/1958.jpg,CSAM,Non sensitive,1958.jpg,
2000.jpg,/CSAM_non_sens/images/2000.jpg,CSAM,Non sensitive,2000.jpg,
0818.webp,/CSAM_non_sens/videos/video024/0818.webp,CSAM,Non sensitive,video024,
0819.webp,/CSAM_non_sens/videos/video024/0819.webp,CSAM,Non sensitive,video024,
3504.png,/CSAM_non_sens/images/3504.png,CSAM,Non sensitive,3504.png,
3133.jpg,/CSAM_non_sens/images/3133.jpg,CSAM,Non sensitive,3133.jpg,
3135.jpg,/CSAM_non_sens/images/3135.jpg,CSAM,Non sensitive,3135.jpg,
1975.jpg,/CSAM_non_sens/images/1975.jpg,CSAM,Non sensitive,1975.jpg,
0827.webp,/CSAM_non_sens/images/0827.webp,CSAM,Non sensitive,0827.webp,
3385.png,/CSAM_non_sens/videos/video011/3385.png,CSAM,Non sensitive,video011,
1879.jpg,/CSAM_non_sens/images/1879.jpg,CSAM,Non sensitive,1879.jpg,
3199.jpg,/CSAM_non_sens/images/3199.jpg,CSAM,Non sensitive,3199.jpg,
0878.jpg,/CSAM_non_sens/images/0878.jpg,CSAM,Non sensitive,0878.jpg,
3170.jpg,/CSAM_non_sens/images/3170.jpg,CSAM,Non sensitive,3170.jpg,
3851.png,/CSAM_sens/videos/video017/3851.png,CSAM,Sensitive,video017,
3852.png,/CSAM_sens/videos/video017/3852.png,CSAM,Sensitive,video017,
3853.png,/CSAM_sens/videos/video017/3853.png,CSAM,Sensitive,video017,
3854.png,/CSAM_sens/videos/video017/3854.png,CSAM,Sensitive,video017,
3585.png,/CSAM_sens/videos/video054/3585.png,CSAM,Sensitive,video054,
3586.png,/CSAM_sens/videos/video054/3586.png,CSAM,Sensitive,video054,
3587.png,/CSAM_sens/videos/video054/3587.png,CSAM,Sensitive,video054,
3588.png,/CSAM_sens/videos/video054/3588.png,CSAM,Sensitive,video054,
3589.png,/CSAM_sens/videos/video054/3589.png,CSAM,Sensitive,video054,
3590.png,/CSAM_sens/videos/video054/3590.png,CSAM,Sensitive,video054,
3591.png,/CSAM_sens/videos/video054/3591.png,CSAM,Sensitive,video054,
3592.png,/CSAM_sens/videos/video054/3592.png,CSAM,Sensitive,video054,
3593.png,/CSAM_sens/videos/video054/3593.png,CSAM,Sensitive,video054,
3594.png,/CSAM_sens/videos/video054/3594.png,CSAM,Sensitive,video054,
3595.png,/CSAM_sens/videos/video054/3595.png,CSAM,Sensitive,video054,
3596.png,/CSAM_sens/videos/video054/3596.png,CSAM,Sensitive,video054,
3597.png,/CSAM_sens/videos/video054/3597.png,CSAM,Sensitive,video054,
1229.jpg,/CSAM_sens/images/1229.jpg,CSAM,Sensitive,1229.jpg,
1005.jpg,/CSAM_sens/images/1005.jpg,CSAM,Sensitive,1005.jpg,
1167.png,/CSAM_sens/images/1167.png,CSAM,Sensitive,1167.png,
3888.png,/CSAM_sens/videos/video011/3888.png,CSAM,Sensitive,video011,
3889.png,/CSAM_sens/videos/video011/3889.png,CSAM,Sensitive,video011,
3890.png,/CSAM_sens/videos/video011/3890.png,CSAM,Sensitive,video011,
3891.png,/CSAM_sens/videos/video011/3891.png,CSAM,Sensitive,video011,
3892.png,/CSAM_sens/videos/video011/3892.png,CSAM,Sensitive,video011,
3893.png,/CSAM_sens/videos/video011/3893.png,CSAM,Sensitive,video011,
3894.png,/CSAM_sens/videos/video011/3894.png,CSAM,Sensitive,video011,
3895.png,/CSAM_sens/videos/video011/3895.png,CSAM,Sensitive,video011,
3896.png,/CSAM_sens/videos/video011/3896.png,CSAM,Sensitive,video011,
3897.png,/CSAM_sens/videos/video011/3897.png,CSAM,Sensitive,video011,
3898.png,/CSAM_sens/videos/video011/3898.png,CSAM,Sensitive,video011,
3899.png,/CSAM_sens/videos/video011/3899.png,CSAM,Sensitive,video011,
3900.png,/CSAM_sens/videos/video011/3900.png,CSAM,Sensitive,video011,
3901.png,/CSAM_sens/videos/video011/3901.png,CSAM,Sensitive,video011,
3902.png,/CSAM_sens/videos/video011/3902.png,CSAM,Sensitive,video011,
3903.png,/CSAM_sens/videos/video011/3903.png,CSAM,Sensitive,video011,
3904.png,/CSAM_sens/videos/video011/3904.png,CSAM,Sensitive,video011,
3905.png,/CSAM_sens/videos/video011/3905.png,CSAM,Sensitive,video011,
3906.png,/CSAM_sens/videos/video011/3906.png,CSAM,Sensitive,video011,
3907.png,/CSAM_sens/videos/video011/3907.png,CSAM,Sensitive,video011,
3908.png,/CSAM_sens/videos/video011/3908.png,CSAM,Sensitive,video011,
1189.png,/CSAM_sens/images/1189.png,CSAM,Sensitive,1189.png,
1159.jpeg,/CSAM_sens/images/1159.jpeg,CSAM,Sensitive,1159.jpeg,
0942.jpeg,/CSAM_sens/images/0942.jpeg,CSAM,Sensitive,0942.jpeg,
1181.png,/CSAM_sens/images/1181.png,CSAM,Sensitive,1181.png,
0958.jpg,/CSAM_sens/images/0958.jpg,CSAM,Sensitive,0958.jpg,
1091.jpeg,/CSAM_sens/images/1091.jpeg,CSAM,Sensitive,1091.jpeg,
1172.png,/CSAM_sens/images/1172.png,CSAM,Sensitive,1172.png,
2440.jpg,/CSAM_sens/videos/video071/2440.jpg,CSAM,Sensitive,video071,
2441.jpg,/CSAM_sens/videos/video071/2441.jpg,CSAM,Sensitive,video071,
2442.jpg,/CSAM_sens/videos/video071/2442.jpg,CSAM,Sensitive,video071,
2443.jpg,/CSAM_sens/videos/video071/2443.jpg,CSAM,Sensitive,video071,
2444.jpg,/CSAM_sens/videos/video071/2444.jpg,CSAM,Sensitive,video071,
2445.jpg,/CSAM_sens/videos/video071/2445.jpg,CSAM,Sensitive,video071,
2446.jpg,/CSAM_sens/videos/video071/2446.jpg,CSAM,Sensitive,video071,
2447.jpg,/CSAM_sens/videos/video071/2447.jpg,CSAM,Sensitive,video071,
2448.jpg,/CSAM_sens/videos/video071/2448.jpg,CSAM,Sensitive,video071,
2449.jpg,/CSAM_sens/videos/video071/2449.jpg,CSAM,Sensitive,video071,
2450.jpg,/CSAM_sens/videos/video071/2450.jpg,CSAM,Sensitive,video071,
2451.jpg,/CSAM_sens/videos/video071/2451.jpg,CSAM,Sensitive,video071,
2452.jpg,/CSAM_sens/videos/video071/2452.jpg,CSAM,Sensitive,video071,
2453.jpg,/CSAM_sens/videos/video071/2453.jpg,CSAM,Sensitive,video071,
2454.jpg,/CSAM_sens/videos/video071/2454.jpg,CSAM,Sensitive,video071,
2455.jpg,/CSAM_sens/videos/video071/2455.jpg,CSAM,Sensitive,video071,
2456.jpg,/CSAM_sens/videos/video071/2456.jpg,CSAM,Sensitive,video071,
2457.jpg,/CSAM_sens/videos/video071/2457.jpg,CSAM,Sensitive,video071,
1228.jpg,/CSAM_sens/images/1228.jpg,CSAM,Sensitive,1228.jpg,
1286.jpg,/CSAM_sens/images/1286.jpg,CSAM,Sensitive,1286.jpg,
1064.jpg,/CSAM_sens/images/1064.jpg,CSAM,Sensitive,1064.jpg,
1275.jpg,/CSAM_sens/images/1275.jpg,CSAM,Sensitive,1275.jpg,
1111.jpeg,/CSAM_sens/images/1111.jpeg,CSAM,Sensitive,1111.jpeg,
1195.jpg,/CSAM_sens/images/1195.jpg,CSAM,Sensitive,1195.jpg,
1133.jpeg,/CSAM_sens/images/1133.jpeg,CSAM,Sensitive,1133.jpeg,
1188.png,/CSAM_sens/images/1188.png,CSAM,Sensitive,1188.png,
1128.jpeg,/CSAM_sens/images/1128.jpeg,CSAM,Sensitive,1128.jpeg,
1079.jpeg,/CSAM_sens/images/1079.jpeg,CSAM,Sensitive,1079.jpeg,
1282.jpg,/CSAM_sens/images/1282.jpg,CSAM,Sensitive,1282.jpg,
1315.jpg,/CSAM_sens/images/1315.jpg,CSAM,Sensitive,1315.jpg,
3542.png,/CSAM_sens/images/3542.png,CSAM,Sensitive,3542.png,
3845.png,/CSAM_sens/videos/video019/3845.png,CSAM,Sensitive,video019,
3846.png,/CSAM_sens/videos/video019/3846.png,CSAM,Sensitive,video019,
3847.png,/CSAM_sens/videos/video019/3847.png,CSAM,Sensitive,video019,
1252.jpg,/CSAM_sens/images/1252.jpg,CSAM,Sensitive,1252.jpg,
0984.jpg,/CSAM_sens/images/0984.jpg,CSAM,Sensitive,0984.jpg,
1247.jpg,/CSAM_sens/images/1247.jpg,CSAM,Sensitive,1247.jpg,
1226.jpg,/CSAM_sens/images/1226.jpg,CSAM,Sensitive,1226.jpg,
1166.jpeg,/CSAM_sens/images/1166.jpeg,CSAM,Sensitive,1166.jpeg,
1307.jpg,/CSAM_sens/images/1307.jpg,CSAM,Sensitive,1307.jpg,
1019.jpg,/CSAM_sens/images/1019.jpg,CSAM,Sensitive,1019.jpg,
0965.jpg,/CSAM_sens/images/0965.jpg,CSAM,Sensitive,0965.jpg,
0971.jpg,/CSAM_sens/images/0971.jpg,CSAM,Sensitive,0971.jpg,
2517.jpg,/CSAM_sens/videos/video067/2517.jpg,CSAM,Sensitive,video067,
2518.jpg,/CSAM_sens/videos/video067/2518.jpg,CSAM,Sensitive,video067,
2519.jpg,/CSAM_sens/videos/video067/2519.jpg,CSAM,Sensitive,video067,
2520.jpg,/CSAM_sens/videos/video067/2520.jpg,CSAM,Sensitive,video067,
2521.jpg,/CSAM_sens/videos/video067/2521.jpg,CSAM,Sensitive,video067,
2522.jpg,/CSAM_sens/videos/video067/2522.jpg,CSAM,Sensitive,video067,
2523.jpg,/CSAM_sens/videos/video067/2523.jpg,CSAM,Sensitive,video067,
2524.jpg,/CSAM_sens/videos/video067/2524.jpg,CSAM,Sensitive,video067,
2525.jpg,/CSAM_sens/videos/video067/2525.jpg,CSAM,Sensitive,video067,
2526.jpg,/CSAM_sens/videos/video067/2526.jpg,CSAM,Sensitive,video067,
2527.jpg,/CSAM_sens/videos/video067/2527.jpg,CSAM,Sensitive,video067,
2528.jpg,/CSAM_sens/videos/video067/2528.jpg,CSAM,Sensitive,video067,
2529.jpg,/CSAM_sens/videos/video067/2529.jpg,CSAM,Sensitive,video067,
2530.jpg,/CSAM_sens/videos/video067/2530.jpg,CSAM,Sensitive,video067,
2531.jpg,/CSAM_sens/videos/video067/2531.jpg,CSAM,Sensitive,video067,
2532.jpg,/CSAM_sens/videos/video067/2532.jpg,CSAM,Sensitive,video067,
2533.jpg,/CSAM_sens/videos/video067/2533.jpg,CSAM,Sensitive,video067,
2534.jpg,/CSAM_sens/videos/video067/2534.jpg,CSAM,Sensitive,video067,
2535.jpg,/CSAM_sens/videos/video067/2535.jpg,CSAM,Sensitive,video067,
2536.jpg,/CSAM_sens/videos/video067/2536.jpg,CSAM,Sensitive,video067,
2537.jpg,/CSAM_sens/videos/video067/2537.jpg,CSAM,Sensitive,video067,
2538.jpg,/CSAM_sens/videos/video067/2538.jpg,CSAM,Sensitive,video067,
2539.jpg,/CSAM_sens/videos/video067/2539.jpg,CSAM,Sensitive,video067,
2540.jpg,/CSAM_sens/videos/video067/2540.jpg,CSAM,Sensitive,video067,
2541.jpg,/CSAM_sens/videos/video067/2541.jpg,CSAM,Sensitive,video067,
1202.jpg,/CSAM_sens/images/1202.jpg,CSAM,Sensitive,1202.jpg,
1139.jpeg,/CSAM_sens/images/1139.jpeg,CSAM,Sensitive,1139.jpeg,
3610.png,/CSAM_sens/images/3610.png,CSAM,Sensitive,3610.png,
1144.jpeg,/CSAM_sens/images/1144.jpeg,CSAM,Sensitive,1144.jpeg,
1255.jpg,/CSAM_sens/images/1255.jpg,CSAM,Sensitive,1255.jpg,
1178.png,/CSAM_sens/images/1178.png,CSAM,Sensitive,1178.png,
0950.jpg,/CSAM_sens/images/0950.jpg,CSAM,Sensitive,0950.jpg,
3813.png,/CSAM_sens/videos/video024/3813.png,CSAM,Sensitive,video024,
3814.png,/CSAM_sens/videos/video024/3814.png,CSAM,Sensitive,video024,
3815.png,/CSAM_sens/videos/video024/3815.png,CSAM,Sensitive,video024,
3816.png,/CSAM_sens/videos/video024/3816.png,CSAM,Sensitive,video024,
3817.png,/CSAM_sens/videos/video024/3817.png,CSAM,Sensitive,video024,
3818.png,/CSAM_sens/videos/video024/3818.png,CSAM,Sensitive,video024,
3819.png,/CSAM_sens/videos/video024/3819.png,CSAM,Sensitive,video024,
0960.jpg,/CSAM_sens/images/0960.jpg,CSAM,Sensitive,0960.jpg,
1008.jpg,/CSAM_sens/images/1008.jpg,CSAM,Sensitive,1008.jpg,
3567.png,/CSAM_sens/videos/video059/3567.png,CSAM,Sensitive,video059,
3568.png,/CSAM_sens/videos/video059/3568.png,CSAM,Sensitive,video059,
1265.jpg,/CSAM_sens/images/1265.jpg,CSAM,Sensitive,1265.jpg,
1152.jpeg,/CSAM_sens/images/1152.jpeg,CSAM,Sensitive,1152.jpeg,
0079.jpg,/Non_CSAM/images/0079.jpg,NON_CSAM,Non sensitive,0079.jpg,
2822.jpg,/Non_CSAM/images/2822.jpg,NON_CSAM,Non sensitive,2822.jpg,
2985.png,/Non_CSAM/images/2985.png,NON_CSAM,Non sensitive,2985.png,
0735.jpg,/Non_CSAM/images/0735.jpg,NON_CSAM,Non sensitive,0735.jpg,
0587.jpg,/Non_CSAM/images/0587.jpg,NON_CSAM,Non sensitive,0587.jpg,
2817.jpg,/Non_CSAM/images/2817.jpg,NON_CSAM,Non sensitive,2817.jpg,
1355.jpg,/Non_CSAM/images/1355.jpg,NON_CSAM,Non sensitive,1355.jpg,
0049.webp,/Non_CSAM/images/0049.webp,NON_CSAM,Non sensitive,0049.webp,
0471.jpg,/Non_CSAM/images/0471.jpg,NON_CSAM,Non sensitive,0471.jpg,
0051.webp,/Non_CSAM/images/0051.webp,NON_CSAM,Non sensitive,0051.webp,
0378.jpg,/Non_CSAM/images/0378.jpg,NON_CSAM,Non sensitive,0378.jpg,
2751.jpg,/Non_CSAM/images/2751.jpg,NON_CSAM,Non sensitive,2751.jpg,
0321.jpg,/Non_CSAM/images/0321.jpg,NON_CSAM,Non sensitive,0321.jpg,
2602.jpg,/Non_CSAM/images/2602.jpg,NON_CSAM,Non sensitive,2602.jpg,
0008.webp,/Non_CSAM/images/0008.webp,NON_CSAM,Non sensitive,0008.webp,
0582.jpg,/Non_CSAM/images/0582.jpg,NON_CSAM,Non sensitive,0582.jpg,
2839.png,/Non_CSAM/images/2839.png,NON_CSAM,Non sensitive,2839.png,
2656.jpg,/Non_CSAM/images/2656.jpg,NON_CSAM,Non sensitive,2656.jpg,
0730.webp,/Non_CSAM/images/0730.webp,NON_CSAM,Non sensitive,0730.webp,
0285.jpg,/Non_CSAM/images/0285.jpg,NON_CSAM,Non sensitive,0285.jpg,
2887.png,/Non_CSAM/images/2887.png,NON_CSAM,Non sensitive,2887.png,
3004.png,/Non_CSAM/images/3004.png,NON_CSAM,Non sensitive,3004.png,
1706.jpg,/Non_CSAM/images/1706.jpg,NON_CSAM,Non sensitive,1706.jpg,
0520.jpg,/Non_CSAM/images/0520.jpg,NON_CSAM,Non sensitive,0520.jpg,
1715.jpg,/Non_CSAM/images/1715.jpg,NON_CSAM,Non sensitive,1715.jpg,
0150.jpg,/Non_CSAM/images/0150.jpg,NON_CSAM,Non sensitive,0150.jpg,
0623.jpg,/Non_CSAM/images/0623.jpg,NON_CSAM,Non sensitive,0623.jpg,
2726.jpg,/Non_CSAM/images/2726.jpg,NON_CSAM,Non sensitive,2726.jpg,
1477.jpg,/Non_CSAM/images/1477.jpg,NON_CSAM,Non sensitive,1477.jpg,
0453.jpg,/Non_CSAM/images/0453.jpg,NON_CSAM,Non sensitive,0453.jpg,
0500.jpg,/Non_CSAM/images/0500.jpg,NON_CSAM,Non sensitive,0500.jpg,
1653.jpg,/Non_CSAM/images/1653.jpg,NON_CSAM,Non sensitive,1653.jpg,
0391.jpg,/Non_CSAM/images/0391.jpg,NON_CSAM,Non sensitive,0391.jpg,
1464.jpg,/Non_CSAM/images/1464.jpg,NON_CSAM,Non sensitive,1464.jpg,
3076.jpg,/Non_CSAM/images/3076.jpg,NON_CSAM,Non sensitive,3076.jpg,
0237.jpg,/Non_CSAM/images/0237.jpg,NON_CSAM,Non sensitive,0237.jpg,
0710.jpg,/Non_CSAM/images/0710.jpg,NON_CSAM,Non sensitive,0710.jpg,
0129.jpg,/Non_CSAM/images/0129.jpg,NON_CSAM,Non sensitive,0129.jpg,
2621.jpg,/Non_CSAM/images/2621.jpg,NON_CSAM,Non sensitive,2621.jpg,
1426.jpg,/Non_CSAM/images/1426.jpg,NON_CSAM,Non sensitive,1426.jpg,
2647.jpg,/Non_CSAM/images/2647.jpg,NON_CSAM,Non sensitive,2647.jpg,
0405.jpg,/Non_CSAM/images/0405.jpg,NON_CSAM,Non sensitive,0405.jpg,
2895.png,/Non_CSAM/images/2895.png,NON_CSAM,Non sensitive,2895.png,
1540.jpg,/Non_CSAM/images/1540.jpg,NON_CSAM,Non sensitive,1540.jpg,
0586.jpg,/Non_CSAM/images/0586.jpg,NON_CSAM,Non sensitive,0586.jpg,
1598.jpg,/Non_CSAM/images/1598.jpg,NON_CSAM,Non sensitive,1598.jpg,
0124.jpg,/Non_CSAM/images/0124.jpg,NON_CSAM,Non sensitive,0124.jpg,
2590.jpg,/Non_CSAM/images/2590.jpg,NON_CSAM,Non sensitive,2590.jpg,
0882.jpg,/CSAM_non_sens/images/0882.jpg,CSAM,Non sensitive,0882.jpg,
2064.jpg,/CSAM_non_sens/images/2064.jpg,CSAM,Non sensitive,2064.jpg,
3210.jpg,/CSAM_non_sens/images/3210.jpg,CSAM,Non sensitive,3210.jpg,
0865.webp,/CSAM_non_sens/images/0865.webp,CSAM,Non sensitive,0865.webp,
3572.png,/CSAM_sens/videos/video057/3572.png,CSAM,Sensitive,video057,
3573.png,/CSAM_sens/videos/video057/3573.png,CSAM,Sensitive,video057,
3574.png,/CSAM_sens/videos/video057/3574.png,CSAM,Sensitive,video057,
1097.jpeg,/CSAM_sens/images/1097.jpeg,CSAM,Sensitive,1097.jpeg,
0936.jpeg,/CSAM_sens/images/0936.jpeg,CSAM,Sensitive,0936.jpeg,
1146.jpeg,/CSAM_sens/images/1146.jpeg,CSAM,Sensitive,1146.jpeg,
1116.jpg,/CSAM_sens/images/1116.jpg,CSAM,Sensitive,1116.jpg,
1021.jpg,/CSAM_sens/images/1021.jpg,CSAM,Sensitive,1021.jpg,
1305.jpg,/CSAM_sens/images/1305.jpg,CSAM,Sensitive,1305.jpg,
1240.jpg,/CSAM_sens/images/1240.jpg,CSAM,Sensitive,1240.jpg,
1210.jpg,/CSAM_sens/images/1210.jpg,CSAM,Sensitive,1210.jpg,
1257.jpg,/CSAM_sens/images/1257.jpg,CSAM,Sensitive,1257.jpg,
1193.jpg,/CSAM_sens/images/1193.jpg,CSAM,Sensitive,1193.jpg,
1164.jpeg,/CSAM_sens/images/1164.jpeg,CSAM,Sensitive,1164.jpeg,
1683.jpg,/Non_CSAM/images/1683.jpg,NON_CSAM,Non sensitive,1683.jpg,
0708.jpg,/Non_CSAM/images/0708.jpg,NON_CSAM,Non sensitive,0708.jpg,
1470.jpg,/Non_CSAM/images/1470.jpg,NON_CSAM,Non sensitive,1470.jpg,
0781.jpg,/Non_CSAM/images/0781.jpg,NON_CSAM,Non sensitive,0781.jpg,
0354.jpg,/Non_CSAM/images/0354.jpg,NON_CSAM,Non sensitive,0354.jpg,
0271.jpg,/Non_CSAM/images/0271.jpg,NON_CSAM,Non sensitive,0271.jpg,
2876.png,/Non_CSAM/images/2876.png,NON_CSAM,Non sensitive,2876.png,
2865.png,/Non_CSAM/images/2865.png,NON_CSAM,Non sensitive,2865.png,
3073.jpg,/Non_CSAM/images/3073.jpg,NON_CSAM,Non sensitive,3073.jpg,
2869.png,/Non_CSAM/images/2869.png,NON_CSAM,Non sensitive,2869.png,
0381.jpg,/Non_CSAM/images/0381.jpg,NON_CSAM,Non sensitive,0381.jpg,
0555.jpg,/Non_CSAM/images/0555.jpg,NON_CSAM,Non sensitive,0555.jpg,
2786.jpg,/Non_CSAM/images/2786.jpg,NON_CSAM,Non sensitive,2786.jpg,
3084.jpg,/Non_CSAM/images/3084.jpg,NON_CSAM,Non sensitive,3084.jpg,
1682.jpg,/Non_CSAM/images/1682.jpg,NON_CSAM,Non sensitive,1682.jpg,
1629.jpg,/Non_CSAM/images/1629.jpg,NON_CSAM,Non sensitive,1629.jpg,
0101.jpg,/Non_CSAM/videos/video001/0101.jpg,NON_CSAM,Non sensitive,video001,
0102.jpg,/Non_CSAM/videos/video001/0102.jpg,NON_CSAM,Non sensitive,video001,
0103.jpg,/Non_CSAM/videos/video001/0103.jpg,NON_CSAM,Non sensitive,video001,
2855.png,/Non_CSAM/images/2855.png,NON_CSAM,Non sensitive,2855.png,
1589.jpg,/Non_CSAM/images/1589.jpg,NON_CSAM,Non sensitive,1589.jpg,
1649.jpg,/Non_CSAM/images/1649.jpg,NON_CSAM,Non sensitive,1649.jpg,
0660.jpg,/Non_CSAM/images/0660.jpg,NON_CSAM,Non sensitive,0660.jpg,
0145.jpg,/Non_CSAM/images/0145.jpg,NON_CSAM,Non sensitive,0145.jpg,
0680.jpg,/Non_CSAM/images/0680.jpg,NON_CSAM,Non sensitive,0680.jpg,
1442.jpg,/Non_CSAM/videos/video011/1442.jpg,NON_CSAM,Non sensitive,video011,
1443.jpg,/Non_CSAM/videos/video011/1443.jpg,NON_CSAM,Non sensitive,video011,
2801.jpg,/Non_CSAM/images/2801.jpg,NON_CSAM,Non sensitive,2801.jpg,
0743.webp,/Non_CSAM/images/0743.webp,NON_CSAM,Non sensitive,0743.webp,
1731.jpg,/Non_CSAM/images/1731.jpg,NON_CSAM,Non sensitive,1731.jpg,
3006.png,/Non_CSAM/images/3006.png,NON_CSAM,Non sensitive,3006.png,
1679.jpg,/Non_CSAM/images/1679.jpg,NON_CSAM,Non sensitive,1679.jpg,
0208.jpg,/Non_CSAM/images/0208.jpg,NON_CSAM,Non sensitive,0208.jpg,
0795.webp,/Non_CSAM/images/0795.webp,NON_CSAM,Non sensitive,0795.webp,
2871.png,/Non_CSAM/images/2871.png,NON_CSAM,Non sensitive,2871.png,
2862.png,/Non_CSAM/images/2862.png,NON_CSAM,Non sensitive,2862.png,
2965.png,/Non_CSAM/images/2965.png,NON_CSAM,Non sensitive,2965.png,
2824.jpg,/Non_CSAM/images/2824.jpg,NON_CSAM,Non sensitive,2824.jpg,
0301.jpg,/Non_CSAM/images/0301.jpg,NON_CSAM,Non sensitive,0301.jpg,
2607.jpg,/Non_CSAM/images/2607.jpg,NON_CSAM,Non sensitive,2607.jpg,
1922.jpg,/CSAM_non_sens/images/1922.jpg,CSAM,Non sensitive,1922.jpg,
1907.jpg,/CSAM_non_sens/images/1907.jpg,CSAM,Non sensitive,1907.jpg,
1842.jpg,/CSAM_non_sens/images/1842.jpg,CSAM,Non sensitive,1842.jpg,
1954.jpg,/CSAM_non_sens/images/1954.jpg,CSAM,Non sensitive,1954.jpg,
3202.jpg,/CSAM_non_sens/images/3202.jpg,CSAM,Non sensitive,3202.jpg,
3312.jpg,/CSAM_non_sens/images/3312.jpg,CSAM,Non sensitive,3312.jpg,
0879.jpg,/CSAM_non_sens/images/0879.jpg,CSAM,Non sensitive,0879.jpg,
1992.jpg,/CSAM_non_sens/images/1992.jpg,CSAM,Non sensitive,1992.jpg,
3211.jpg,/CSAM_non_sens/images/3211.jpg,CSAM,Non sensitive,3211.jpg,
1956.jpg,/CSAM_non_sens/images/1956.jpg,CSAM,Non sensitive,1956.jpg,
3534.avif,/CSAM_non_sens/images/3534.avif,CSAM,Non sensitive,3534.avif,
2008.jpg,/CSAM_non_sens/images/2008.jpg,CSAM,Non sensitive,2008.jpg,
4007.png,/CSAM_sens/videos/video001/4007.png,CSAM,Sensitive,video001,
4008.png,/CSAM_sens/videos/video001/4008.png,CSAM,Sensitive,video001,
4009.png,/CSAM_sens/videos/video001/4009.png,CSAM,Sensitive,video001,
4010.png,/CSAM_sens/videos/video001/4010.png,CSAM,Sensitive,video001,
4011.png,/CSAM_sens/videos/video001/4011.png,CSAM,Sensitive,video001,
4012.png,/CSAM_sens/videos/video001/4012.png,CSAM,Sensitive,video001,
4013.png,/CSAM_sens/videos/video001/4013.png,CSAM,Sensitive,video001,
4014.png,/CSAM_sens/videos/video001/4014.png,CSAM,Sensitive,video001,
4015.png,/CSAM_sens/videos/video001/4015.png,CSAM,Sensitive,video001,
4016.png,/CSAM_sens/videos/video001/4016.png,CSAM,Sensitive,video001,
1026.jpg,/CSAM_sens/images/1026.jpg,CSAM,Sensitive,1026.jpg,
3750.png,/CSAM_sens/videos/video031/3750.png,CSAM,Sensitive,video031,
3751.png,/CSAM_sens/videos/video031/3751.png,CSAM,Sensitive,video031,
3752.png,/CSAM_sens/videos/video031/3752.png,CSAM,Sensitive,video031,
3753.png,/CSAM_sens/videos/video031/3753.png,CSAM,Sensitive,video031,
